Site,year,Month,DateDay,SumOfKwh,Level,Meter
Carnival Film and Television - Agar Street,17,Sep,1/9/2017 00:00:00,7501.00,2nd Floor B,Day Units
Carnival Film and Television - Agar Street,17,Sep,1/9/2017 00:00:00,1331.00,2nd Floor B,Night Units
Carnival Film and Television - Agar Street,17,Oct,1/10/2017 00:00:00,7278.00,2nd Floor B,Day Units
Carnival Film and Television - Agar Street,17,Oct,1/10/2017 00:00:00,1041.00,2nd Floor B,Night Units
Carnival Film and Television - Agar Street,17,Nov,1/11/2017 00:00:00,6503.00,2nd Floor B,Day Units
Carnival Film and Television - Agar Street,17,Nov,1/11/2017 00:00:00,906.00,2nd Floor B,Night Units
Carnival Film and Television - Agar Street,17,Dec,1/12/2017 00:00:00,7072.00,2nd Floor B,Day Units
Carnival Film and Television - Agar Street,17,Dec,1/12/2017 00:00:00,1386.00,2nd Floor B,Night Units
Carnival Film and Television - Agar Street,18,Jan,1/1/2018 00:00:00,6799.00,2nd Floor B,Day Units
Carnival Film and Television - Agar Street,18,Jan,1/1/2018 00:00:00,1111.00,2nd Floor B,Night Units
Carnival Film and Television - Agar Street,18,Feb,1/2/2018 00:00:00,6211.00,2nd Floor B,Day Units
Carnival Film and Television - Agar Street,18,Feb,1/2/2018 00:00:00,1014.00,2nd Floor B,Night Units
Carnival Film and Television - Agar Street,18,Mar,1/3/2018 00:00:00,7072.00,2nd Floor B,Day Units
Carnival Film and Television - Agar Street,18,Mar,1/3/2018 00:00:00,1386.00,2nd Floor B,Night Units
Carnival Film and Television - Agar Street,18,Apr,1/4/2018 00:00:00,6503.00,2nd Floor B,Day Units
Carnival Film and Television - Agar Street,18,Apr,1/4/2018 00:00:00,906.00,2nd Floor B,Night Units
Carnival Film and Television - Agar Street,18,May,1/5/2018 00:00:00,7278.00,2nd Floor B,Day Units
Carnival Film and Television - Agar Street,18,May,1/5/2018 00:00:00,1041.00,2nd Floor B,Night Units
Carnival Film and Television - Agar Street,18,Jun,1/6/2018 00:00:00,6777.00,2nd Floor B,Day Units
Carnival Film and Television - Agar Street,18,Jun,1/6/2018 00:00:00,996.00,2nd Floor B,Night Units
Carnival Film and Television - Agar Street,18,Jul,1/7/2018 00:00:00,7501.00,2nd Floor B,Day Units
Carnival Film and Television - Agar Street,18,Jul,1/7/2018 00:00:00,1331.00,2nd Floor B,Night Units
Carnival Film and Television - Agar Street,18,Aug,1/8/2018 00:00:00,7521.00,2nd Floor B,Day Units
Carnival Film and Television - Agar Street,18,Aug,1/8/2018 00:00:00,1331.00,2nd Floor B,Night Units
CNBC - Fleet Place,18,Jan,1/1/2018 00:00:00,175027.00,Floor 6,ALL
CNBC - Fleet Place,18,Feb,1/2/2018 00:00:00,128045.00,Floor 6,ALL
CNBC - Fleet Place,18,Mar,1/3/2018 00:00:00,138907.00,Floor 6,ALL
CNBC - Fleet Place,18,Apr,1/4/2018 00:00:00,174552.00,Floor 6,ALL
CNBC - Fleet Place,18,May,1/5/2018 00:00:00,145788.00,Floor 6,ALL
CNBC - Fleet Place,18,Jun,1/6/2018 00:00:00,173462.00,Floor 6,ALL
CNBC - Fleet Place,18,Jul,1/7/2018 00:00:00,146137.00,Floor 6,ALL
CNBC - Fleet Place,18,Aug,1/8/2018 00:00:00,148308.00,Floor 6,ALL
CNBC - Fleet Place,18,Sep,1/9/2018 00:00:00,155666.00,Floor 6,ALL
CNBC - Fleet Place,18,Oct,1/10/2018 00:00:00,151775.00,Floor 6,ALL
CNBC - Fleet Place,18,Nov,1/11/2018 00:00:00,154978.00,Floor 6,ALL
CNBC - Fleet Place,18,Dec,1/12/2018 00:00:00,210286.00,Floor 6,ALL
Monkey Kingdom - Shoreditch High Street,17,Jan,1/1/2017 00:00:00,4325.00,Studio 5.02,E14D00499
Monkey Kingdom - Shoreditch High Street,17,Jan,1/1/2017 00:00:00,4698.00,Studio 5.03,E14D00493
Monkey Kingdom - Shoreditch High Street,17,Feb,1/2/2017 00:00:00,3341.00,Studio 5.02,E14D00499
Monkey Kingdom - Shoreditch High Street,17,Feb,1/2/2017 00:00:00,4472.00,Studio 5.03,E14D00493
Monkey Kingdom - Shoreditch High Street,17,Mar,1/3/2017 00:00:00,2699.00,Studio 5.02,E14D00499
Monkey Kingdom - Shoreditch High Street,17,Mar,1/3/2017 00:00:00,4930.00,Studio 5.03,E14D00493
Monkey Kingdom - Shoreditch High Street,17,Apr,1/4/2017 00:00:00,1848.00,Studio 5.02,E14D00499
Monkey Kingdom - Shoreditch High Street,17,Apr,1/4/2017 00:00:00,4634.00,Studio 5.03,E14D00493
Monkey Kingdom - Shoreditch High Street,17,May,1/5/2017 00:00:00,2457.00,Studio 5.02,E14D00499
Monkey Kingdom - Shoreditch High Street,17,May,1/5/2017 00:00:00,4914.00,Studio 5.03,E14D00493
Monkey Kingdom - Shoreditch High Street,17,Jun,1/6/2017 00:00:00,2366.00,Studio 5.02,E14D00499
Monkey Kingdom - Shoreditch High Street,17,Jun,1/6/2017 00:00:00,4468.00,Studio 5.03,E14D00493
Monkey Kingdom - Shoreditch High Street,17,Jul,1/7/2017 00:00:00,1664.00,Studio 5.02,E14D00499
Monkey Kingdom - Shoreditch High Street,17,Jul,1/7/2017 00:00:00,4578.00,Studio 5.03,E14D00493
Monkey Kingdom - Shoreditch High Street,17,Aug,1/8/2017 00:00:00,2216.00,Studio 5.02,E14D00499
Monkey Kingdom - Shoreditch High Street,17,Aug,1/8/2017 00:00:00,5100.00,Studio 5.03,E14D00493
Monkey Kingdom - Shoreditch High Street,17,Sep,1/9/2017 00:00:00,1774.00,Studio 5.02,E14D00499
Monkey Kingdom - Shoreditch High Street,17,Sep,1/9/2017 00:00:00,4715.00,Studio 5.03,E14D00493
Monkey Kingdom - Shoreditch High Street,17,Oct,1/10/2017 00:00:00,1827.00,Studio 5.02,E14D00499
Monkey Kingdom - Shoreditch High Street,17,Oct,1/10/2017 00:00:00,4814.00,Studio 5.03,E14D00493
Monkey Kingdom - Shoreditch High Street,17,Nov,1/11/2017 00:00:00,2272.00,Studio 5.02,E14D00499
Monkey Kingdom - Shoreditch High Street,17,Nov,1/11/2017 00:00:00,4878.00,Studio 5.03,E14D00493
Monkey Kingdom - Shoreditch High Street,17,Dec,1/12/2017 00:00:00,1615.00,Studio 5.02,E14D00499
Monkey Kingdom - Shoreditch High Street,17,Dec,1/12/2017 00:00:00,4142.00,Studio 5.03,E14D00493
Monkey Kingdom - Shoreditch High Street,18,Jan,1/1/2018 00:00:00,2775.00,Studio 5.02,E14D00499
Monkey Kingdom - Shoreditch High Street,18,Jan,1/1/2018 00:00:00,4821.00,Studio 5.03,E14D00493
Monkey Kingdom - Shoreditch High Street,18,Feb,1/2/2018 00:00:00,2496.00,Studio 5.02,E14D00499
Monkey Kingdom - Shoreditch High Street,18,Feb,1/2/2018 00:00:00,4490.00,Studio 5.03,E14D00493
Monkey Kingdom - Shoreditch High Street,18,Mar,1/3/2018 00:00:00,1839.00,Studio 5.02,E14D00499
Monkey Kingdom - Shoreditch High Street,18,Mar,1/3/2018 00:00:00,4850.00,Studio 5.03,E14D00493
Monkey Kingdom - Shoreditch High Street,18,Apr,1/4/2018 00:00:00,2053.00,Studio 5.02,E14D00499
Monkey Kingdom - Shoreditch High Street,18,Apr,1/4/2018 00:00:00,4862.00,Studio 5.03,E14D00493
Monkey Kingdom - Shoreditch High Street,18,May,1/5/2018 00:00:00,1368.00,Studio 5.02,E14D00499
Monkey Kingdom - Shoreditch High Street,18,May,1/5/2018 00:00:00,3831.00,Studio 5.03,E14D00493
NBC News Worldwide - Dukes Road,12,Oct,1/10/2012 00:00:00,6706.00,Building,S23553105
NBC News Worldwide - Dukes Road,12,Nov,1/11/2012 00:00:00,7075.00,Building,S23553105
NBC News Worldwide - Dukes Road,12,Dec,1/12/2012 00:00:00,6306.00,Building,S23553105
NBC News Worldwide - Dukes Road,13,Jan,1/1/2013 00:00:00,7094.00,Building,S23553105
NBC News Worldwide - Dukes Road,13,Feb,1/2/2013 00:00:00,7155.00,Building,S23553105
NBC News Worldwide - Dukes Road,13,Mar,1/3/2013 00:00:00,6385.00,Building,S23553105
NBC News Worldwide - Dukes Road,13,Apr,1/4/2013 00:00:00,6808.00,Building,S23553105
NBC News Worldwide - Dukes Road,13,May,1/5/2013 00:00:00,7035.00,Building,S23553105
NBC News Worldwide - Dukes Road,13,Jun,1/6/2013 00:00:00,6664.00,Building,S23553105
NBC News Worldwide - Dukes Road,13,Jul,1/7/2013 00:00:00,9536.00,Building,S23553105
NBC News Worldwide - Dukes Road,13,Aug,1/8/2013 00:00:00,5960.00,Building,S23553105
NBC News Worldwide - Dukes Road,13,Sep,1/9/2013 00:00:00,4781.00,Building,S23553105
NBC News Worldwide - Dukes Road,13,Oct,1/10/2013 00:00:00,8202.00,Building,S23553105
NBC News Worldwide - Dukes Road,13,Nov,1/11/2013 00:00:00,7020.00,Building,S23553105
NBC News Worldwide - Dukes Road,13,Dec,1/12/2013 00:00:00,7656.00,Building,S23553105
NBC News Worldwide - Dukes Road,14,Jan,1/1/2014 00:00:00,7120.00,Building,S23553105
NBC News Worldwide - Dukes Road,14,Feb,1/2/2014 00:00:00,0.00,Building,S23553105
NBC News Worldwide - Dukes Road,14,Mar,1/3/2014 00:00:00,6739.00,Building,S23553105
NBC News Worldwide - Dukes Road,14,Apr,1/4/2014 00:00:00,7717.00,Building,S23553105
NBC News Worldwide - Dukes Road,14,May,1/5/2014 00:00:00,7974.00,Building,S23553105
NBC News Worldwide - Dukes Road,14,Jun,1/6/2014 00:00:00,5106.00,Building,S23553105
NBC News Worldwide - Dukes Road,14,Jul,1/7/2014 00:00:00,7249.00,Building,S23553105
NBC News Worldwide - Dukes Road,14,Aug,1/8/2014 00:00:00,7249.00,Building,S23553105
NBC News Worldwide - Dukes Road,14,Sep,1/9/2014 00:00:00,9997.00,Building,S23553105
NBC News Worldwide - Dukes Road,14,Oct,1/10/2014 00:00:00,7897.00,Building,S23553105
NBC News Worldwide - Dukes Road,14,Nov,1/11/2014 00:00:00,7642.00,Building,S23553105
NBC News Worldwide - Dukes Road,14,Dec,1/12/2014 00:00:00,7897.00,Building,S23553105
NBC News Worldwide - Dukes Road,15,Jan,1/1/2015 00:00:00,7897.00,Building,S23553105
NBC News Worldwide - Dukes Road,15,Feb,1/2/2015 00:00:00,7133.00,Building,S23553105
NBC News Worldwide - Dukes Road,15,Mar,1/3/2015 00:00:00,7897.00,Building,S23553105
NBC News Worldwide - Dukes Road,15,Apr,1/4/2015 00:00:00,0.00,Building,S23553105
NBC News Worldwide - Dukes Road,15,May,1/5/2015 00:00:00,7897.00,Building,S23553105
NBC News Worldwide - Dukes Road,15,Jun,1/6/2015 00:00:00,7642.00,Building,S23553105
NBC News Worldwide - Dukes Road,15,Jul,1/7/2015 00:00:00,8828.00,Building,S23553105
NBC News Worldwide - Dukes Road,15,Aug,1/8/2015 00:00:00,8828.00,Building,S23553105
NBC News Worldwide - Dukes Road,15,Sep,1/9/2015 00:00:00,8543.00,Building,S23553105
NBC News Worldwide - Dukes Road,15,Oct,1/10/2015 00:00:00,8828.00,Building,S23553105
NBC News Worldwide - Dukes Road,15,Nov,1/11/2015 00:00:00,9543.00,Building,S23553105
NBC News Worldwide - Dukes Road,15,Dec,1/12/2015 00:00:00,17994.00,Building,S23553105
NBC News Worldwide - Dukes Road,16,Jan,1/1/2016 00:00:00,8425.00,Building,S23553105
NBC News Worldwide - Dukes Road,16,Feb,1/2/2016 00:00:00,7881.00,Building,S23553105
NBC News Worldwide - Dukes Road,17,Jan,1/1/2017 00:00:00,8288.00,Building,S23553105
NBC News Worldwide - Dukes Road,17,Feb,1/2/2017 00:00:00,11178.00,Building,S23553105
NBC News Worldwide - Dukes Road,17,Mar,1/3/2017 00:00:00,8223.00,Building,S23553105
NBC News Worldwide - Dukes Road,17,Apr,1/4/2017 00:00:00,7409.00,Building,S23553105
NBC News Worldwide - Dukes Road,17,May,1/5/2017 00:00:00,7563.00,Building,S23553105
NBC News Worldwide - Dukes Road,17,Jun,1/6/2017 00:00:00,7603.00,Building,S23553105
NBC News Worldwide - Dukes Road,17,Jul,1/7/2017 00:00:00,7482.00,Building,S23553105
NBC News Worldwide - Dukes Road,17,Aug,1/8/2017 00:00:00,7081.00,Building,S23553105
NBC News Worldwide - Dukes Road,17,Sep,1/9/2017 00:00:00,8570.00,Building,S23553105
NBC News Worldwide - Dukes Road,17,Oct,1/10/2017 00:00:00,7895.00,Building,S23553105
NBC News Worldwide - Dukes Road,17,Nov,1/11/2017 00:00:00,8518.00,Building,S23553105
NBC News Worldwide - Dukes Road,17,Dec,1/12/2017 00:00:00,11399.00,Building,S23553105
NBC News Worldwide - Dukes Road,18,Jan,1/1/2018 00:00:00,9620.00,Building,S23553105
NBC News Worldwide - Dukes Road,18,Feb,1/2/2018 00:00:00,8734.00,Building,S23553105
NBC News Worldwide - Dukes Road,18,Mar,1/3/2018 00:00:00,9261.00,Building,S23553105
NBC News Worldwide - Dukes Road,18,Apr,1/4/2018 00:00:00,9674.00,Building,S23553105
NBC News Worldwide - Dukes Road,18,May,1/5/2018 00:00:00,8485.00,Building,S23553105
NBC Universal - St Giles High Street,17,Apr,1/4/2017 00:00:00,1818.00,GMez & L1 - NBC CSG,0) GF Core 1 Tenant NE Riser BD/TNEL/1GL
NBC Universal - St Giles High Street,17,Apr,1/4/2017 00:00:00,2026.00,GMez & L1 - NBC CSG,0) L1 Core 1 Tenant NE Riser BD/TNE1P/L1
NBC Universal - St Giles High Street,17,Apr,1/4/2017 00:00:00,4812.00,GMez & L1 - NBC CSG,0) L1 Core 1 Tenant NW Riser BD/TNW1P/L1
NBC Universal - St Giles High Street,17,Apr,1/4/2017 00:00:00,4101.00,GMez & L1 - NBC CSG,0) L1 Core 1 Tenant SE Riser BD/TSE1P/L1
NBC Universal - St Giles High Street,17,Apr,1/4/2017 00:00:00,3156.00,GMez & L1 - NBC CSG,0) L1 Core 1 Tenant SW Riser BD/TSW1P/L1
NBC Universal - St Giles High Street,17,Apr,1/4/2017 00:00:00,3180.00,GMez & L1 - NBC CSG,0) L1 Core 2 Tenant N Riser BD/TNW2L/L1
NBC Universal - St Giles High Street,17,Apr,1/4/2017 00:00:00,3334.00,GMez & L1 - NBC CSG,0) L1 Core 3 Tenant SW Riser BD/TSW2L/L1
NBC Universal - St Giles High Street,17,Apr,1/4/2017 00:00:00,1555.00,GMez & L1 - NBC CSG,131) A17 LV3 Spare DB/B2/IT
NBC Universal - St Giles High Street,17,Apr,1/4/2017 00:00:00,74662.00,GMez & L1 - NBC CSG,142) A6 LV3 NBC MER I/O Panel (Spare)
NBC Universal - St Giles High Street,17,Apr,1/4/2017 00:00:00,2572.00,GMez & L1 - NBC CSG,278) L1 Core 1 Tenant NW Riser BD/TNW1L/L1
NBC Universal - St Giles High Street,17,Apr,1/4/2017 00:00:00,4054.00,GMez & L1 - NBC CSG,281) L1 Core 2 Tenant N Riser BD/TNW2L(P)/L1
NBC Universal - St Giles High Street,17,Apr,1/4/2017 00:00:00,2564.00,GMez & L1 - NBC CSG,282) L1 Core 1 Tenant NE Riser BD/TNE1L/L1
NBC Universal - St Giles High Street,17,Apr,1/4/2017 00:00:00,2494.00,GMez & L1 - NBC CSG,283) L1 Core 1 Tenant SE Riser BD/TSE1L/L1
NBC Universal - St Giles High Street,17,Apr,1/4/2017 00:00:00,1996.00,GMez & L1 - NBC CSG,284) L1 Core 3 Tenant SW Riser BD/TSW2L(P)/L1
NBC Universal - St Giles High Street,17,Apr,1/4/2017 00:00:00,3444.00,GMez & L1 - NBC CSG,287) L1 Core 1 Tenant SW Riser BD/TSW1L/L1
NBC Universal - St Giles High Street,17,Apr,1/4/2017 00:00:00,3017.00,GMez & L1 - NBC CSG,293) GF Core 1 Tenant NE Riser BD/TNEL/1PG__
NBC Universal - St Giles High Street,17,Apr,1/4/2017 00:00:00,756.00,GMez & L1 - NBC CSG,294) GF Core 1 Tenant SE Riser BD/TSEL/__
NBC Universal - St Giles High Street,17,Apr,1/4/2017 00:00:00,1873.00,GMez & L1 - NBC CSG,Central (Landlord's) Air Handling
NBC Universal - St Giles High Street,17,Apr,1/4/2017 00:00:00,26686.00,GMez & L1 - NBC CSG,Central (Landlord's) Chillers/Pumps
NBC Universal - St Giles High Street,17,Apr,1/4/2017 00:00:00,2035.00,GMez & L1 - NBC CSG,Central (Landlord's) Misc Plant/Equipment
NBC Universal - St Giles High Street,17,Apr,1/4/2017 00:00:00,8974.00,GMez & L1 - NBC CSG,Common Area
NBC Universal - St Giles High Street,17,Apr,1/4/2017 00:00:00,1941.00,L2 & L3 N,0) L2 Core 1 Tenant NE Riser BD/TNE1P/L2
NBC Universal - St Giles High Street,17,Apr,1/4/2017 00:00:00,3748.00,L2 & L3 N,0) L2 Core 1 Tenant NW Riser BD/TNW1P/L2
NBC Universal - St Giles High Street,17,Apr,1/4/2017 00:00:00,2126.00,L2 & L3 N,0) L2 Core 1 Tenant SE Riser BD/TSE1P/L2
NBC Universal - St Giles High Street,17,Apr,1/4/2017 00:00:00,3835.00,L2 & L3 N,0) L2 Core 1 Tenant SW Riser BD/TSW1P/L2
NBC Universal - St Giles High Street,17,Apr,1/4/2017 00:00:00,267.00,L2 & L3 N,0) L2 Core 2 Tenant N Riser BD/TNW2L/L2
NBC Universal - St Giles High Street,17,Apr,1/4/2017 00:00:00,3347.00,L2 & L3 N,0) L2 Core 3 Tenant SW Riser BD/TSW2P/L2
NBC Universal - St Giles High Street,17,Apr,1/4/2017 00:00:00,860.00,L2 & L3 N,0) L3 Core 1 Tenant NE Riser BD/TNE1L/L3
NBC Universal - St Giles High Street,17,Apr,1/4/2017 00:00:00,2528.00,L2 & L3 N,0) L3 Core 1 Tenant NW Riser BD/TNW1P/L3 new
NBC Universal - St Giles High Street,17,Apr,1/4/2017 00:00:00,3409.00,L2 & L3 N,0) L3 Core 1 Tenant NW Riser DB dub new
NBC Universal - St Giles High Street,17,Apr,1/4/2017 00:00:00,4514.00,L2 & L3 N,0) L3 Core 2 Tenant N Riser BD/TNW2L/L1
NBC Universal - St Giles High Street,17,Apr,1/4/2017 00:00:00,2927.00,L2 & L3 N,0) L3 Core 2 Tenant NW2 Riser BD/P
NBC Universal - St Giles High Street,17,Apr,1/4/2017 00:00:00,3830.00,L2 & L3 N,261) L3 Core 2 Tenant N Riser BD/TNW2L(P)/L3
NBC Universal - St Giles High Street,17,Apr,1/4/2017 00:00:00,0.00,L2 & L3 N,262) L3 Core 1 Tenant NE Riser BD/TNE1L/L3 new
NBC Universal - St Giles High Street,17,Apr,1/4/2017 00:00:00,2989.00,L2 & L3 N,268) L2 Core 1 Tenant NW Riser BD/TNW1L/L2
NBC Universal - St Giles High Street,17,Apr,1/4/2017 00:00:00,4483.00,L2 & L3 N,271) L2 Core 2 Tenant N Riser BD/TNW2L(P)/L2
NBC Universal - St Giles High Street,17,Apr,1/4/2017 00:00:00,2600.00,L2 & L3 N,272) L2 Core 1 Tenant NE Riser BD/TNE1L/L2
NBC Universal - St Giles High Street,17,Apr,1/4/2017 00:00:00,2166.00,L2 & L3 N,273) L2 Core 1 Tenant SE Riser BD/TSE1L/L2
NBC Universal - St Giles High Street,17,Apr,1/4/2017 00:00:00,2549.00,L2 & L3 N,274) L2 Core 3 Tenant SW Riser BD/TSW2L/L2
NBC Universal - St Giles High Street,17,Apr,1/4/2017 00:00:00,8018.00,L2 & L3 N,77) L2 Core 1 Tenant SW Riser BD/TSW1L/L2
NBC Universal - St Giles High Street,17,Apr,1/4/2017 00:00:00,2630.00,L2 & L3 N,Central (Landlord's) Air Handling kWh
NBC Universal - St Giles High Street,17,Apr,1/4/2017 00:00:00,12855.00,L2 & L3 N,Central (Landlord's) Chillers/Pumps kWh:
NBC Universal - St Giles High Street,17,Apr,1/4/2017 00:00:00,3007.00,L2 & L3 N,Central (Landlord's) Misc Plant/Equipment kWh
NBC Universal - St Giles High Street,17,Apr,1/4/2017 00:00:00,12600.00,L2 & L3 N,Common Area
NBC Universal - St Giles High Street,17,Apr,1/4/2017 00:00:00,1447.00,L2 & L3 N,i) 258) L3 Core 1 Tenant NW Riser BD/TNW1L/L3
NBC Universal - St Giles High Street,17,Apr,1/4/2017 00:00:00,1222.00,Level 10,0) L10 Core 1 Tenant NW Riser BD/TNW1P/L10 & New
NBC Universal - St Giles High Street,17,Apr,1/4/2017 00:00:00,0.00,Level 10,0) L10 Core 1 Tenant SW Riser BD/TSW1P/L10 & New
NBC Universal - St Giles High Street,17,Apr,1/4/2017 00:00:00,9162.00,Level 10,0) L10 Core 2 Comms supply & New
NBC Universal - St Giles High Street,17,Apr,1/4/2017 00:00:00,1071.00,Level 10,0) L10 Core 2 Tenant N Riser BD/TNW2P/L10 & New
NBC Universal - St Giles High Street,17,Apr,1/4/2017 00:00:00,1177.00,Level 10,191) L10 Core 1 Tenant NW Riser BD/TNW1L/L10
NBC Universal - St Giles High Street,17,Apr,1/4/2017 00:00:00,0.00,Level 10,194) L10 Core 2 Tenant N Riser BD/TNW2L/L10
NBC Universal - St Giles High Street,17,Apr,1/4/2017 00:00:00,1035.00,Level 10,195) L10 Core 1 Tenant NE Riser BD/TNE1L/L10
NBC Universal - St Giles High Street,17,Apr,1/4/2017 00:00:00,940.00,Level 10,196) L10 Core 1 Tenant SE Riser BD/TSE1L/L10
NBC Universal - St Giles High Street,17,Apr,1/4/2017 00:00:00,1021.00,Level 10,199) L10 Core 1 Tenant SW Riser BD/TSW1L/L10
NBC Universal - St Giles High Street,17,Apr,1/4/2017 00:00:00,1031.00,Level 10,Central (Landlord's) Air Handling kWh
NBC Universal - St Giles High Street,17,Apr,1/4/2017 00:00:00,3489.00,Level 10,Central (Landlord's) Chillers/Pumps kWh:
NBC Universal - St Giles High Street,17,Apr,1/4/2017 00:00:00,1259.00,Level 10,Central (Landlord's) Misc Plant/Equipment kWh
NBC Universal - St Giles High Street,17,Apr,1/4/2017 00:00:00,4937.00,Level 10,Common Area
NBC Universal - St Giles High Street,17,May,1/5/2017 00:00:00,1958.00,GMez & L1 - NBC CSG,0) GF Core 1 Tenant NE Riser BD/TNEL/1GL
NBC Universal - St Giles High Street,17,May,1/5/2017 00:00:00,2073.00,GMez & L1 - NBC CSG,0) L1 Core 1 Tenant NE Riser BD/TNE1P/L1
NBC Universal - St Giles High Street,17,May,1/5/2017 00:00:00,5833.00,GMez & L1 - NBC CSG,0) L1 Core 1 Tenant NW Riser BD/TNW1P/L1
NBC Universal - St Giles High Street,17,May,1/5/2017 00:00:00,2492.00,GMez & L1 - NBC CSG,0) L1 Core 1 Tenant SE Riser BD/TSE1P/L1
NBC Universal - St Giles High Street,17,May,1/5/2017 00:00:00,3695.00,GMez & L1 - NBC CSG,0) L1 Core 1 Tenant SW Riser BD/TSW1P/L1
NBC Universal - St Giles High Street,17,May,1/5/2017 00:00:00,3240.00,GMez & L1 - NBC CSG,0) L1 Core 2 Tenant N Riser BD/TNW2L/L1
NBC Universal - St Giles High Street,17,May,1/5/2017 00:00:00,3581.00,GMez & L1 - NBC CSG,0) L1 Core 3 Tenant SW Riser BD/TSW2L/L1
NBC Universal - St Giles High Street,17,May,1/5/2017 00:00:00,1865.00,GMez & L1 - NBC CSG,131) A17 LV3 Spare DB/B2/IT
NBC Universal - St Giles High Street,17,May,1/5/2017 00:00:00,87585.00,GMez & L1 - NBC CSG,142) A6 LV3 NBC MER I/O Panel (Spare)
NBC Universal - St Giles High Street,17,May,1/5/2017 00:00:00,2889.00,GMez & L1 - NBC CSG,278) L1 Core 1 Tenant NW Riser BD/TNW1L/L1
NBC Universal - St Giles High Street,17,May,1/5/2017 00:00:00,4152.00,GMez & L1 - NBC CSG,281) L1 Core 2 Tenant N Riser BD/TNW2L(P)/L1
NBC Universal - St Giles High Street,17,May,1/5/2017 00:00:00,2781.00,GMez & L1 - NBC CSG,282) L1 Core 1 Tenant NE Riser BD/TNE1L/L1
NBC Universal - St Giles High Street,17,May,1/5/2017 00:00:00,2269.00,GMez & L1 - NBC CSG,283) L1 Core 1 Tenant SE Riser BD/TSE1L/L1
NBC Universal - St Giles High Street,17,May,1/5/2017 00:00:00,2114.00,GMez & L1 - NBC CSG,284) L1 Core 3 Tenant SW Riser BD/TSW2L(P)/L1
NBC Universal - St Giles High Street,17,May,1/5/2017 00:00:00,0.00,GMez & L1 - NBC CSG,287) L1 Core 1 Tenant SW Riser BD/TSW1L/L1
NBC Universal - St Giles High Street,17,May,1/5/2017 00:00:00,2506.00,GMez & L1 - NBC CSG,293) GF Core 1 Tenant NE Riser BD/TNEL/1PG__
NBC Universal - St Giles High Street,17,May,1/5/2017 00:00:00,822.00,GMez & L1 - NBC CSG,294) GF Core 1 Tenant SE Riser BD/TSEL/__
NBC Universal - St Giles High Street,17,May,1/5/2017 00:00:00,1827.00,GMez & L1 - NBC CSG,Central (Landlord's) Air Handling
NBC Universal - St Giles High Street,17,May,1/5/2017 00:00:00,33429.00,GMez & L1 - NBC CSG,Central (Landlord's) Chillers/Pumps
NBC Universal - St Giles High Street,17,May,1/5/2017 00:00:00,2336.00,GMez & L1 - NBC CSG,Central (Landlord's) Misc Plant/Equipment
NBC Universal - St Giles High Street,17,May,1/5/2017 00:00:00,4462.00,GMez & L1 - NBC CSG,Common Area
NBC Universal - St Giles High Street,17,May,1/5/2017 00:00:00,2067.00,L2 & L3 N,0) L2 Core 1 Tenant NE Riser BD/TNE1P/L2
NBC Universal - St Giles High Street,17,May,1/5/2017 00:00:00,2685.00,L2 & L3 N,0) L2 Core 1 Tenant NW Riser BD/TNW1P/L2
NBC Universal - St Giles High Street,17,May,1/5/2017 00:00:00,2209.00,L2 & L3 N,0) L2 Core 1 Tenant SE Riser BD/TSE1P/L2
NBC Universal - St Giles High Street,17,May,1/5/2017 00:00:00,4643.00,L2 & L3 N,0) L2 Core 1 Tenant SW Riser BD/TSW1P/L2
NBC Universal - St Giles High Street,17,May,1/5/2017 00:00:00,280.00,L2 & L3 N,0) L2 Core 2 Tenant N Riser BD/TNW2L/L2
NBC Universal - St Giles High Street,17,May,1/5/2017 00:00:00,3698.00,L2 & L3 N,0) L2 Core 3 Tenant SW Riser BD/TSW2P/L2
NBC Universal - St Giles High Street,17,May,1/5/2017 00:00:00,1021.00,L2 & L3 N,0) L3 Core 1 Tenant NE Riser BD/TNE1L/L3
NBC Universal - St Giles High Street,17,May,1/5/2017 00:00:00,2862.00,L2 & L3 N,0) L3 Core 1 Tenant NW Riser BD/TNW1P/L3 new
NBC Universal - St Giles High Street,17,May,1/5/2017 00:00:00,3959.00,L2 & L3 N,0) L3 Core 1 Tenant NW Riser DB dub new
NBC Universal - St Giles High Street,17,May,1/5/2017 00:00:00,4969.00,L2 & L3 N,0) L3 Core 2 Tenant N Riser BD/TNW2L/L1
NBC Universal - St Giles High Street,17,May,1/5/2017 00:00:00,3247.00,L2 & L3 N,0) L3 Core 2 Tenant NW2 Riser BD/P
NBC Universal - St Giles High Street,17,May,1/5/2017 00:00:00,4637.00,L2 & L3 N,261) L3 Core 2 Tenant N Riser BD/TNW2L(P)/L3
NBC Universal - St Giles High Street,17,May,1/5/2017 00:00:00,8070.00,L2 & L3 N,262) L3 Core 1 Tenant NE Riser BD/TNE1L/L3 new
NBC Universal - St Giles High Street,17,May,1/5/2017 00:00:00,3415.00,L2 & L3 N,268) L2 Core 1 Tenant NW Riser BD/TNW1L/L2
NBC Universal - St Giles High Street,17,May,1/5/2017 00:00:00,4529.00,L2 & L3 N,271) L2 Core 2 Tenant N Riser BD/TNW2L(P)/L2
NBC Universal - St Giles High Street,17,May,1/5/2017 00:00:00,2820.00,L2 & L3 N,272) L2 Core 1 Tenant NE Riser BD/TNE1L/L2
NBC Universal - St Giles High Street,17,May,1/5/2017 00:00:00,2373.00,L2 & L3 N,273) L2 Core 1 Tenant SE Riser BD/TSE1L/L2
NBC Universal - St Giles High Street,17,May,1/5/2017 00:00:00,2791.00,L2 & L3 N,274) L2 Core 3 Tenant SW Riser BD/TSW2L/L2
NBC Universal - St Giles High Street,17,May,1/5/2017 00:00:00,0.00,L2 & L3 N,77) L2 Core 1 Tenant SW Riser BD/TSW1L/L2
NBC Universal - St Giles High Street,17,May,1/5/2017 00:00:00,2565.00,L2 & L3 N,Central (Landlord's) Air Handling kWh
NBC Universal - St Giles High Street,17,May,1/5/2017 00:00:00,15921.00,L2 & L3 N,Central (Landlord's) Chillers/Pumps kWh:
NBC Universal - St Giles High Street,17,May,1/5/2017 00:00:00,3456.00,L2 & L3 N,Central (Landlord's) Misc Plant/Equipment kWh
NBC Universal - St Giles High Street,17,May,1/5/2017 00:00:00,6265.00,L2 & L3 N,Common Area
NBC Universal - St Giles High Street,17,May,1/5/2017 00:00:00,1570.00,L2 & L3 N,i) 258) L3 Core 1 Tenant NW Riser BD/TNW1L/L3
NBC Universal - St Giles High Street,17,May,1/5/2017 00:00:00,2119.00,Level 10,0) L10 Core 1 Tenant NW Riser BD/TNW1P/L10 & New
NBC Universal - St Giles High Street,17,May,1/5/2017 00:00:00,0.00,Level 10,0) L10 Core 1 Tenant SW Riser BD/TSW1P/L10 & New
NBC Universal - St Giles High Street,17,May,1/5/2017 00:00:00,7741.00,Level 10,0) L10 Core 2 Comms supply & New
NBC Universal - St Giles High Street,17,May,1/5/2017 00:00:00,1617.00,Level 10,0) L10 Core 2 Tenant N Riser BD/TNW2P/L10 & New
NBC Universal - St Giles High Street,17,May,1/5/2017 00:00:00,1770.00,Level 10,191) L10 Core 1 Tenant NW Riser BD/TNW1L/L10
NBC Universal - St Giles High Street,17,May,1/5/2017 00:00:00,3349.00,Level 10,194) L10 Core 2 Tenant N Riser BD/TNW2L/L10
NBC Universal - St Giles High Street,17,May,1/5/2017 00:00:00,1458.00,Level 10,195) L10 Core 1 Tenant NE Riser BD/TNE1L/L10
NBC Universal - St Giles High Street,17,May,1/5/2017 00:00:00,1359.00,Level 10,196) L10 Core 1 Tenant SE Riser BD/TSE1L/L10
NBC Universal - St Giles High Street,17,May,1/5/2017 00:00:00,1618.00,Level 10,199) L10 Core 1 Tenant SW Riser BD/TSW1L/L10
NBC Universal - St Giles High Street,17,May,1/5/2017 00:00:00,1005.00,Level 10,Central (Landlord's) Air Handling kWh
NBC Universal - St Giles High Street,17,May,1/5/2017 00:00:00,5414.00,Level 10,Central (Landlord's) Chillers/Pumps kWh:
NBC Universal - St Giles High Street,17,May,1/5/2017 00:00:00,1439.00,Level 10,Central (Landlord's) Misc Plant/Equipment kWh
NBC Universal - St Giles High Street,17,May,1/5/2017 00:00:00,2455.00,Level 10,Common Area
NBC Universal - St Giles High Street,17,Jun,1/6/2017 00:00:00,2296.00,GMez & L1 - NBC CSG,0) GF Core 1 Tenant NE Riser BD/TNEL/1GL
NBC Universal - St Giles High Street,17,Jun,1/6/2017 00:00:00,3089.00,GMez & L1 - NBC CSG,0) L1 Core 1 Tenant NE Riser BD/TNE1P/L1
NBC Universal - St Giles High Street,17,Jun,1/6/2017 00:00:00,5878.00,GMez & L1 - NBC CSG,0) L1 Core 1 Tenant NW Riser BD/TNW1P/L1
NBC Universal - St Giles High Street,17,Jun,1/6/2017 00:00:00,2894.00,GMez & L1 - NBC CSG,0) L1 Core 1 Tenant SE Riser BD/TSE1P/L1
NBC Universal - St Giles High Street,17,Jun,1/6/2017 00:00:00,2975.00,GMez & L1 - NBC CSG,0) L1 Core 1 Tenant SW Riser BD/TSW1P/L1
NBC Universal - St Giles High Street,17,Jun,1/6/2017 00:00:00,3725.00,GMez & L1 - NBC CSG,0) L1 Core 2 Tenant N Riser BD/TNW2L/L1
NBC Universal - St Giles High Street,17,Jun,1/6/2017 00:00:00,3560.00,GMez & L1 - NBC CSG,0) L1 Core 3 Tenant SW Riser BD/TSW2L/L1
NBC Universal - St Giles High Street,17,Jun,1/6/2017 00:00:00,1864.00,GMez & L1 - NBC CSG,131) A17 LV3 Spare DB/B2/IT
NBC Universal - St Giles High Street,17,Jun,1/6/2017 00:00:00,89106.00,GMez & L1 - NBC CSG,142) A6 LV3 NBC MER I/O Panel (Spare)
NBC Universal - St Giles High Street,17,Jun,1/6/2017 00:00:00,3017.00,GMez & L1 - NBC CSG,278) L1 Core 1 Tenant NW Riser BD/TNW1L/L1
NBC Universal - St Giles High Street,17,Jun,1/6/2017 00:00:00,4592.00,GMez & L1 - NBC CSG,281) L1 Core 2 Tenant N Riser BD/TNW2L(P)/L1
NBC Universal - St Giles High Street,17,Jun,1/6/2017 00:00:00,3369.00,GMez & L1 - NBC CSG,282) L1 Core 1 Tenant NE Riser BD/TNE1L/L1
NBC Universal - St Giles High Street,17,Jun,1/6/2017 00:00:00,2832.00,GMez & L1 - NBC CSG,283) L1 Core 1 Tenant SE Riser BD/TSE1L/L1
NBC Universal - St Giles High Street,17,Jun,1/6/2017 00:00:00,2315.00,GMez & L1 - NBC CSG,284) L1 Core 3 Tenant SW Riser BD/TSW2L(P)/L1
NBC Universal - St Giles High Street,17,Jun,1/6/2017 00:00:00,6818.00,GMez & L1 - NBC CSG,287) L1 Core 1 Tenant SW Riser BD/TSW1L/L1
NBC Universal - St Giles High Street,17,Jun,1/6/2017 00:00:00,2786.00,GMez & L1 - NBC CSG,293) GF Core 1 Tenant NE Riser BD/TNEL/1PG__
NBC Universal - St Giles High Street,17,Jun,1/6/2017 00:00:00,863.00,GMez & L1 - NBC CSG,294) GF Core 1 Tenant SE Riser BD/TSEL/__
NBC Universal - St Giles High Street,17,Jun,1/6/2017 00:00:00,3031.00,GMez & L1 - NBC CSG,Central (Landlord's) Air Handling
NBC Universal - St Giles High Street,17,Jun,1/6/2017 00:00:00,47035.00,GMez & L1 - NBC CSG,Central (Landlord's) Chillers/Pumps
NBC Universal - St Giles High Street,17,Jun,1/6/2017 00:00:00,2343.00,GMez & L1 - NBC CSG,Central (Landlord's) Misc Plant/Equipment
NBC Universal - St Giles High Street,17,Jun,1/6/2017 00:00:00,5839.00,GMez & L1 - NBC CSG,Common Area
NBC Universal - St Giles High Street,17,Jun,1/6/2017 00:00:00,2172.00,L2 & L3 N,0) L2 Core 1 Tenant NE Riser BD/TNE1P/L2
NBC Universal - St Giles High Street,17,Jun,1/6/2017 00:00:00,3573.00,L2 & L3 N,0) L2 Core 1 Tenant NW Riser BD/TNW1P/L2
NBC Universal - St Giles High Street,17,Jun,1/6/2017 00:00:00,2468.00,L2 & L3 N,0) L2 Core 1 Tenant SE Riser BD/TSE1P/L2
NBC Universal - St Giles High Street,17,Jun,1/6/2017 00:00:00,3739.00,L2 & L3 N,0) L2 Core 1 Tenant SW Riser BD/TSW1P/L2
NBC Universal - St Giles High Street,17,Jun,1/6/2017 00:00:00,281.00,L2 & L3 N,0) L2 Core 2 Tenant N Riser BD/TNW2L/L2
NBC Universal - St Giles High Street,17,Jun,1/6/2017 00:00:00,3577.00,L2 & L3 N,0) L2 Core 3 Tenant SW Riser BD/TSW2P/L2
NBC Universal - St Giles High Street,17,Jun,1/6/2017 00:00:00,880.00,L2 & L3 N,0) L3 Core 1 Tenant NE Riser BD/TNE1L/L3
NBC Universal - St Giles High Street,17,Jun,1/6/2017 00:00:00,2836.00,L2 & L3 N,0) L3 Core 1 Tenant NW Riser BD/TNW1P/L3 new
NBC Universal - St Giles High Street,17,Jun,1/6/2017 00:00:00,3858.00,L2 & L3 N,0) L3 Core 1 Tenant NW Riser DB dub new
NBC Universal - St Giles High Street,17,Jun,1/6/2017 00:00:00,5423.00,L2 & L3 N,0) L3 Core 2 Tenant N Riser BD/TNW2L/L1
NBC Universal - St Giles High Street,17,Jun,1/6/2017 00:00:00,3997.00,L2 & L3 N,0) L3 Core 2 Tenant NW2 Riser BD/P
NBC Universal - St Giles High Street,17,Jun,1/6/2017 00:00:00,5192.00,L2 & L3 N,261) L3 Core 2 Tenant N Riser BD/TNW2L(P)/L3
NBC Universal - St Giles High Street,17,Jun,1/6/2017 00:00:00,2886.00,L2 & L3 N,262) L3 Core 1 Tenant NE Riser BD/TNE1L/L3 new
NBC Universal - St Giles High Street,17,Jun,1/6/2017 00:00:00,3495.00,L2 & L3 N,268) L2 Core 1 Tenant NW Riser BD/TNW1L/L2
NBC Universal - St Giles High Street,17,Jun,1/6/2017 00:00:00,5013.00,L2 & L3 N,271) L2 Core 2 Tenant N Riser BD/TNW2L(P)/L2
NBC Universal - St Giles High Street,17,Jun,1/6/2017 00:00:00,3311.00,L2 & L3 N,272) L2 Core 1 Tenant NE Riser BD/TNE1L/L2
NBC Universal - St Giles High Street,17,Jun,1/6/2017 00:00:00,2739.00,L2 & L3 N,273) L2 Core 1 Tenant SE Riser BD/TSE1L/L2
NBC Universal - St Giles High Street,17,Jun,1/6/2017 00:00:00,2834.00,L2 & L3 N,274) L2 Core 3 Tenant SW Riser BD/TSW2L/L2
NBC Universal - St Giles High Street,17,Jun,1/6/2017 00:00:00,3160.00,L2 & L3 N,77) L2 Core 1 Tenant SW Riser BD/TSW1L/L2
NBC Universal - St Giles High Street,17,Jun,1/6/2017 00:00:00,4256.00,L2 & L3 N,Central (Landlord's) Air Handling kWh
NBC Universal - St Giles High Street,17,Jun,1/6/2017 00:00:00,20870.00,L2 & L3 N,Central (Landlord's) Chillers/Pumps kWh:
NBC Universal - St Giles High Street,17,Jun,1/6/2017 00:00:00,3463.00,L2 & L3 N,Central (Landlord's) Misc Plant/Equipment kWh
NBC Universal - St Giles High Street,17,Jun,1/6/2017 00:00:00,8199.00,L2 & L3 N,Common Area
NBC Universal - St Giles High Street,17,Jun,1/6/2017 00:00:00,1568.00,L2 & L3 N,i) 258) L3 Core 1 Tenant NW Riser BD/TNW1L/L3
NBC Universal - St Giles High Street,17,Jun,1/6/2017 00:00:00,1977.00,Level 10,0) L10 Core 1 Tenant NW Riser BD/TNW1P/L10 & New
NBC Universal - St Giles High Street,17,Jun,1/6/2017 00:00:00,0.00,Level 10,0) L10 Core 1 Tenant SW Riser BD/TSW1P/L10 & New
NBC Universal - St Giles High Street,17,Jun,1/6/2017 00:00:00,8024.00,Level 10,0) L10 Core 2 Comms supply & New
NBC Universal - St Giles High Street,17,Jun,1/6/2017 00:00:00,1050.00,Level 10,0) L10 Core 2 Tenant N Riser BD/TNW2P/L10 & New
NBC Universal - St Giles High Street,17,Jun,1/6/2017 00:00:00,1636.00,Level 10,191) L10 Core 1 Tenant NW Riser BD/TNW1L/L10
NBC Universal - St Giles High Street,17,Jun,1/6/2017 00:00:00,1959.00,Level 10,194) L10 Core 2 Tenant N Riser BD/TNW2L/L10
NBC Universal - St Giles High Street,17,Jun,1/6/2017 00:00:00,1544.00,Level 10,195) L10 Core 1 Tenant NE Riser BD/TNE1L/L10
NBC Universal - St Giles High Street,17,Jun,1/6/2017 00:00:00,1544.00,Level 10,196) L10 Core 1 Tenant SE Riser BD/TSE1L/L10
NBC Universal - St Giles High Street,17,Jun,1/6/2017 00:00:00,1156.00,Level 10,199) L10 Core 1 Tenant SW Riser BD/TSW1L/L10
NBC Universal - St Giles High Street,17,Jun,1/6/2017 00:00:00,1667.00,Level 10,Central (Landlord's) Air Handling kWh
NBC Universal - St Giles High Street,17,Jun,1/6/2017 00:00:00,6258.00,Level 10,Central (Landlord's) Chillers/Pumps kWh:
NBC Universal - St Giles High Street,17,Jun,1/6/2017 00:00:00,1438.00,Level 10,Central (Landlord's) Misc Plant/Equipment kWh
NBC Universal - St Giles High Street,17,Jun,1/6/2017 00:00:00,3213.00,Level 10,Common Area
NBC Universal - St Giles High Street,17,Jul,1/7/2017 00:00:00,2245.00,GMez & L1 - NBC CSG,0) GF Core 1 Tenant NE Riser BD/TNEL/1GL
NBC Universal - St Giles High Street,17,Jul,1/7/2017 00:00:00,1762.00,GMez & L1 - NBC CSG,0) L1 Core 1 Tenant NE Riser BD/TNE1P/L1
NBC Universal - St Giles High Street,17,Jul,1/7/2017 00:00:00,5790.00,GMez & L1 - NBC CSG,0) L1 Core 1 Tenant NW Riser BD/TNW1P/L1
NBC Universal - St Giles High Street,17,Jul,1/7/2017 00:00:00,2478.00,GMez & L1 - NBC CSG,0) L1 Core 1 Tenant SE Riser BD/TSE1P/L1
NBC Universal - St Giles High Street,17,Jul,1/7/2017 00:00:00,3285.00,GMez & L1 - NBC CSG,0) L1 Core 1 Tenant SW Riser BD/TSW1P/L1
NBC Universal - St Giles High Street,17,Jul,1/7/2017 00:00:00,3801.00,GMez & L1 - NBC CSG,0) L1 Core 2 Tenant N Riser BD/TNW2L/L1
NBC Universal - St Giles High Street,17,Jul,1/7/2017 00:00:00,3238.00,GMez & L1 - NBC CSG,0) L1 Core 3 Tenant SW Riser BD/TSW2L/L1
NBC Universal - St Giles High Street,17,Jul,1/7/2017 00:00:00,1850.00,GMez & L1 - NBC CSG,131) A17 LV3 Spare DB/B2/IT
NBC Universal - St Giles High Street,17,Jul,1/7/2017 00:00:00,81539.00,GMez & L1 - NBC CSG,142) A6 LV3 NBC MER I/O Panel (Spare)
NBC Universal - St Giles High Street,17,Jul,1/7/2017 00:00:00,686.00,GMez & L1 - NBC CSG,278) L1 Core 1 Tenant NW Riser BD/TNW1L/L1
NBC Universal - St Giles High Street,17,Jul,1/7/2017 00:00:00,4676.00,GMez & L1 - NBC CSG,281) L1 Core 2 Tenant N Riser BD/TNW2L(P)/L1
NBC Universal - St Giles High Street,17,Jul,1/7/2017 00:00:00,2997.00,GMez & L1 - NBC CSG,282) L1 Core 1 Tenant NE Riser BD/TNE1L/L1
NBC Universal - St Giles High Street,17,Jul,1/7/2017 00:00:00,2441.00,GMez & L1 - NBC CSG,283) L1 Core 1 Tenant SE Riser BD/TSE1L/L1
NBC Universal - St Giles High Street,17,Jul,1/7/2017 00:00:00,2143.00,GMez & L1 - NBC CSG,284) L1 Core 3 Tenant SW Riser BD/TSW2L(P)/L1
NBC Universal - St Giles High Street,17,Jul,1/7/2017 00:00:00,3603.00,GMez & L1 - NBC CSG,287) L1 Core 1 Tenant SW Riser BD/TSW1L/L1
NBC Universal - St Giles High Street,17,Jul,1/7/2017 00:00:00,3616.00,GMez & L1 - NBC CSG,293) GF Core 1 Tenant NE Riser BD/TNEL/1PG__
NBC Universal - St Giles High Street,17,Jul,1/7/2017 00:00:00,967.00,GMez & L1 - NBC CSG,294) GF Core 1 Tenant SE Riser BD/TSEL/__
NBC Universal - St Giles High Street,17,Jul,1/7/2017 00:00:00,2208.00,GMez & L1 - NBC CSG,Central (Landlord's) Air Handling
NBC Universal - St Giles High Street,17,Jul,1/7/2017 00:00:00,46191.00,GMez & L1 - NBC CSG,Central (Landlord's) Chillers/Pumps
NBC Universal - St Giles High Street,17,Jul,1/7/2017 00:00:00,2310.00,GMez & L1 - NBC CSG,Central (Landlord's) Misc Plant/Equipment
NBC Universal - St Giles High Street,17,Jul,1/7/2017 00:00:00,6151.00,GMez & L1 - NBC CSG,Common Area
NBC Universal - St Giles High Street,17,Jul,1/7/2017 00:00:00,2015.00,L2 & L3 N,0) L2 Core 1 Tenant NE Riser BD/TNE1P/L2
NBC Universal - St Giles High Street,17,Jul,1/7/2017 00:00:00,3533.00,L2 & L3 N,0) L2 Core 1 Tenant NW Riser BD/TNW1P/L2
NBC Universal - St Giles High Street,17,Jul,1/7/2017 00:00:00,1978.00,L2 & L3 N,0) L2 Core 1 Tenant SE Riser BD/TSE1P/L2
NBC Universal - St Giles High Street,17,Jul,1/7/2017 00:00:00,4217.00,L2 & L3 N,0) L2 Core 1 Tenant SW Riser BD/TSW1P/L2
NBC Universal - St Giles High Street,17,Jul,1/7/2017 00:00:00,270.00,L2 & L3 N,0) L2 Core 2 Tenant N Riser BD/TNW2L/L2
NBC Universal - St Giles High Street,17,Jul,1/7/2017 00:00:00,3220.00,L2 & L3 N,0) L2 Core 3 Tenant SW Riser BD/TSW2P/L2
NBC Universal - St Giles High Street,17,Jul,1/7/2017 00:00:00,1307.00,L2 & L3 N,0) L3 Core 1 Tenant NE Riser BD/TNE1L/L3
NBC Universal - St Giles High Street,17,Jul,1/7/2017 00:00:00,2888.00,L2 & L3 N,0) L3 Core 1 Tenant NW Riser BD/TNW1P/L3 new
NBC Universal - St Giles High Street,17,Jul,1/7/2017 00:00:00,4014.00,L2 & L3 N,0) L3 Core 1 Tenant NW Riser DB dub new
NBC Universal - St Giles High Street,17,Jul,1/7/2017 00:00:00,5362.00,L2 & L3 N,0) L3 Core 2 Tenant N Riser BD/TNW2L/L1
NBC Universal - St Giles High Street,17,Jul,1/7/2017 00:00:00,3906.00,L2 & L3 N,0) L3 Core 2 Tenant NW2 Riser BD/P
NBC Universal - St Giles High Street,17,Jul,1/7/2017 00:00:00,5142.00,L2 & L3 N,261) L3 Core 2 Tenant N Riser BD/TNW2L(P)/L3
NBC Universal - St Giles High Street,17,Jul,1/7/2017 00:00:00,3039.00,L2 & L3 N,262) L3 Core 1 Tenant NE Riser BD/TNE1L/L3 new
NBC Universal - St Giles High Street,17,Jul,1/7/2017 00:00:00,3365.00,L2 & L3 N,268) L2 Core 1 Tenant NW Riser BD/TNW1L/L2
NBC Universal - St Giles High Street,17,Jul,1/7/2017 00:00:00,4731.00,L2 & L3 N,271) L2 Core 2 Tenant N Riser BD/TNW2L(P)/L2
NBC Universal - St Giles High Street,17,Jul,1/7/2017 00:00:00,2983.00,L2 & L3 N,272) L2 Core 1 Tenant NE Riser BD/TNE1L/L2
NBC Universal - St Giles High Street,17,Jul,1/7/2017 00:00:00,2340.00,L2 & L3 N,273) L2 Core 1 Tenant SE Riser BD/TSE1L/L2
NBC Universal - St Giles High Street,17,Jul,1/7/2017 00:00:00,2614.00,L2 & L3 N,274) L2 Core 3 Tenant SW Riser BD/TSW2L/L2
NBC Universal - St Giles High Street,17,Jul,1/7/2017 00:00:00,3840.00,L2 & L3 N,77) L2 Core 1 Tenant SW Riser BD/TSW1L/L2
NBC Universal - St Giles High Street,17,Jul,1/7/2017 00:00:00,3100.00,L2 & L3 N,Central (Landlord's) Air Handling kWh
NBC Universal - St Giles High Street,17,Jul,1/7/2017 00:00:00,22624.00,L2 & L3 N,Central (Landlord's) Chillers/Pumps kWh:
NBC Universal - St Giles High Street,17,Jul,1/7/2017 00:00:00,3421.00,L2 & L3 N,Central (Landlord's) Misc Plant/Equipment kWh
NBC Universal - St Giles High Street,17,Jul,1/7/2017 00:00:00,8637.00,L2 & L3 N,Common Area
NBC Universal - St Giles High Street,17,Jul,1/7/2017 00:00:00,1498.00,L2 & L3 N,i) 258) L3 Core 1 Tenant NW Riser BD/TNW1L/L3
NBC Universal - St Giles High Street,17,Jul,1/7/2017 00:00:00,1827.00,Level 10,0) L10 Core 1 Tenant NW Riser BD/TNW1P/L10 & New
NBC Universal - St Giles High Street,17,Jul,1/7/2017 00:00:00,2366.00,Level 10,0) L10 Core 1 Tenant SW Riser BD/TSW1P/L10 & New
NBC Universal - St Giles High Street,17,Jul,1/7/2017 00:00:00,843.00,Level 10,0) L10 Core 2 Comms supply & New
NBC Universal - St Giles High Street,17,Jul,1/7/2017 00:00:00,1012.00,Level 10,0) L10 Core 2 Tenant N Riser BD/TNW2P/L10 & New
NBC Universal - St Giles High Street,17,Jul,1/7/2017 00:00:00,1508.00,Level 10,191) L10 Core 1 Tenant NW Riser BD/TNW1L/L10
NBC Universal - St Giles High Street,17,Jul,1/7/2017 00:00:00,1824.00,Level 10,194) L10 Core 2 Tenant N Riser BD/TNW2L/L10
NBC Universal - St Giles High Street,17,Jul,1/7/2017 00:00:00,1292.00,Level 10,195) L10 Core 1 Tenant NE Riser BD/TNE1L/L10
NBC Universal - St Giles High Street,17,Jul,1/7/2017 00:00:00,1260.00,Level 10,196) L10 Core 1 Tenant SE Riser BD/TSE1L/L10
NBC Universal - St Giles High Street,17,Jul,1/7/2017 00:00:00,1226.00,Level 10,199) L10 Core 1 Tenant SW Riser BD/TSW1L/L10
NBC Universal - St Giles High Street,17,Jul,1/7/2017 00:00:00,1215.00,Level 10,Central (Landlord's) Air Handling kWh
NBC Universal - St Giles High Street,17,Jul,1/7/2017 00:00:00,4781.00,Level 10,Central (Landlord's) Chillers/Pumps kWh:
NBC Universal - St Giles High Street,17,Jul,1/7/2017 00:00:00,1425.00,Level 10,Central (Landlord's) Misc Plant/Equipment kWh
NBC Universal - St Giles High Street,17,Jul,1/7/2017 00:00:00,3384.00,Level 10,Common Area
NBC Universal - St Giles High Street,17,Aug,1/8/2017 00:00:00,2633.00,GMez & L1 - NBC CSG,0) GF Core 1 Tenant NE Riser BD/TNEL/1GL
NBC Universal - St Giles High Street,17,Aug,1/8/2017 00:00:00,2479.00,GMez & L1 - NBC CSG,0) L1 Core 1 Tenant NE Riser BD/TNE1P/L1
NBC Universal - St Giles High Street,17,Aug,1/8/2017 00:00:00,5820.00,GMez & L1 - NBC CSG,0) L1 Core 1 Tenant NW Riser BD/TNW1P/L1
NBC Universal - St Giles High Street,17,Aug,1/8/2017 00:00:00,2841.00,GMez & L1 - NBC CSG,0) L1 Core 1 Tenant SE Riser BD/TSE1P/L1
NBC Universal - St Giles High Street,17,Aug,1/8/2017 00:00:00,3502.00,GMez & L1 - NBC CSG,0) L1 Core 1 Tenant SW Riser BD/TSW1P/L1
NBC Universal - St Giles High Street,17,Aug,1/8/2017 00:00:00,4137.00,GMez & L1 - NBC CSG,0) L1 Core 2 Tenant N Riser BD/TNW2L/L1
NBC Universal - St Giles High Street,17,Aug,1/8/2017 00:00:00,3429.00,GMez & L1 - NBC CSG,0) L1 Core 3 Tenant SW Riser BD/TSW2L/L1
NBC Universal - St Giles High Street,17,Aug,1/8/2017 00:00:00,1865.00,GMez & L1 - NBC CSG,131) A17 LV3 Spare DB/B2/IT
NBC Universal - St Giles High Street,17,Aug,1/8/2017 00:00:00,85358.00,GMez & L1 - NBC CSG,142) A6 LV3 NBC MER I/O Panel (Spare)
NBC Universal - St Giles High Street,17,Aug,1/8/2017 00:00:00,4864.00,GMez & L1 - NBC CSG,278) L1 Core 1 Tenant NW Riser BD/TNW1L/L1
NBC Universal - St Giles High Street,17,Aug,1/8/2017 00:00:00,5249.00,GMez & L1 - NBC CSG,281) L1 Core 2 Tenant N Riser BD/TNW2L(P)/L1
NBC Universal - St Giles High Street,17,Aug,1/8/2017 00:00:00,3349.00,GMez & L1 - NBC CSG,282) L1 Core 1 Tenant NE Riser BD/TNE1L/L1
NBC Universal - St Giles High Street,17,Aug,1/8/2017 00:00:00,2799.00,GMez & L1 - NBC CSG,283) L1 Core 1 Tenant SE Riser BD/TSE1L/L1
NBC Universal - St Giles High Street,17,Aug,1/8/2017 00:00:00,2160.00,GMez & L1 - NBC CSG,284) L1 Core 3 Tenant SW Riser BD/TSW2L(P)/L1
NBC Universal - St Giles High Street,17,Aug,1/8/2017 00:00:00,4009.00,GMez & L1 - NBC CSG,287) L1 Core 1 Tenant SW Riser BD/TSW1L/L1
NBC Universal - St Giles High Street,17,Aug,1/8/2017 00:00:00,1598.00,GMez & L1 - NBC CSG,293) GF Core 1 Tenant NE Riser BD/TNEL/1PG__
NBC Universal - St Giles High Street,17,Aug,1/8/2017 00:00:00,802.00,GMez & L1 - NBC CSG,294) GF Core 1 Tenant SE Riser BD/TSEL/__
NBC Universal - St Giles High Street,17,Aug,1/8/2017 00:00:00,2358.00,GMez & L1 - NBC CSG,Central (Landlord's) Air Handling
NBC Universal - St Giles High Street,17,Aug,1/8/2017 00:00:00,38249.00,GMez & L1 - NBC CSG,Central (Landlord's) Chillers/Pumps
NBC Universal - St Giles High Street,17,Aug,1/8/2017 00:00:00,2177.00,GMez & L1 - NBC CSG,Central (Landlord's) Misc Plant/Equipment
NBC Universal - St Giles High Street,17,Aug,1/8/2017 00:00:00,7728.00,GMez & L1 - NBC CSG,Common Area
NBC Universal - St Giles High Street,17,Aug,1/8/2017 00:00:00,2244.00,L2 & L3 N,0) L2 Core 1 Tenant NE Riser BD/TNE1P/L2
NBC Universal - St Giles High Street,17,Aug,1/8/2017 00:00:00,3865.00,L2 & L3 N,0) L2 Core 1 Tenant NW Riser BD/TNW1P/L2
NBC Universal - St Giles High Street,17,Aug,1/8/2017 00:00:00,2294.00,L2 & L3 N,0) L2 Core 1 Tenant SE Riser BD/TSE1P/L2
NBC Universal - St Giles High Street,17,Aug,1/8/2017 00:00:00,4337.00,L2 & L3 N,0) L2 Core 1 Tenant SW Riser BD/TSW1P/L2
NBC Universal - St Giles High Street,17,Aug,1/8/2017 00:00:00,303.00,L2 & L3 N,0) L2 Core 2 Tenant N Riser BD/TNW2L/L2
NBC Universal - St Giles High Street,17,Aug,1/8/2017 00:00:00,3327.00,L2 & L3 N,0) L2 Core 3 Tenant SW Riser BD/TSW2P/L2
NBC Universal - St Giles High Street,17,Aug,1/8/2017 00:00:00,1172.00,L2 & L3 N,0) L3 Core 1 Tenant NE Riser BD/TNE1L/L3
NBC Universal - St Giles High Street,17,Aug,1/8/2017 00:00:00,2948.00,L2 & L3 N,0) L3 Core 1 Tenant NW Riser BD/TNW1P/L3 new
NBC Universal - St Giles High Street,17,Aug,1/8/2017 00:00:00,3931.00,L2 & L3 N,0) L3 Core 1 Tenant NW Riser DB dub new
NBC Universal - St Giles High Street,17,Aug,1/8/2017 00:00:00,5802.00,L2 & L3 N,0) L3 Core 2 Tenant N Riser BD/TNW2L/L1
NBC Universal - St Giles High Street,17,Aug,1/8/2017 00:00:00,3955.00,L2 & L3 N,0) L3 Core 2 Tenant NW2 Riser BD/P
NBC Universal - St Giles High Street,17,Aug,1/8/2017 00:00:00,5643.00,L2 & L3 N,261) L3 Core 2 Tenant N Riser BD/TNW2L(P)/L3
NBC Universal - St Giles High Street,17,Aug,1/8/2017 00:00:00,3281.00,L2 & L3 N,262) L3 Core 1 Tenant NE Riser BD/TNE1L/L3 new
NBC Universal - St Giles High Street,17,Aug,1/8/2017 00:00:00,3404.00,L2 & L3 N,268) L2 Core 1 Tenant NW Riser BD/TNW1L/L2
NBC Universal - St Giles High Street,17,Aug,1/8/2017 00:00:00,5661.00,L2 & L3 N,271) L2 Core 2 Tenant N Riser BD/TNW2L(P)/L2
NBC Universal - St Giles High Street,17,Aug,1/8/2017 00:00:00,3517.00,L2 & L3 N,272) L2 Core 1 Tenant NE Riser BD/TNE1L/L2
NBC Universal - St Giles High Street,17,Aug,1/8/2017 00:00:00,2698.00,L2 & L3 N,273) L2 Core 1 Tenant SE Riser BD/TSE1L/L2
NBC Universal - St Giles High Street,17,Aug,1/8/2017 00:00:00,2602.00,L2 & L3 N,274) L2 Core 3 Tenant SW Riser BD/TSW2L/L2
NBC Universal - St Giles High Street,17,Aug,1/8/2017 00:00:00,4217.00,L2 & L3 N,77) L2 Core 1 Tenant SW Riser BD/TSW1L/L2
NBC Universal - St Giles High Street,17,Aug,1/8/2017 00:00:00,3311.00,L2 & L3 N,Central (Landlord's) Air Handling kWh
NBC Universal - St Giles High Street,17,Aug,1/8/2017 00:00:00,18639.00,L2 & L3 N,Central (Landlord's) Chillers/Pumps kWh:
NBC Universal - St Giles High Street,17,Aug,1/8/2017 00:00:00,3230.00,L2 & L3 N,Central (Landlord's) Misc Plant/Equipment kWh
NBC Universal - St Giles High Street,17,Aug,1/8/2017 00:00:00,10851.00,L2 & L3 N,Common Area
NBC Universal - St Giles High Street,17,Aug,1/8/2017 00:00:00,1509.00,L2 & L3 N,i) 258) L3 Core 1 Tenant NW Riser BD/TNW1L/L3
NBC Universal - St Giles High Street,17,Aug,1/8/2017 00:00:00,1827.00,Level 10,0) L10 Core 1 Tenant NW Riser BD/TNW1P/L10 & New
NBC Universal - St Giles High Street,17,Aug,1/8/2017 00:00:00,2518.00,Level 10,0) L10 Core 1 Tenant SW Riser BD/TSW1P/L10 & New
NBC Universal - St Giles High Street,17,Aug,1/8/2017 00:00:00,94.00,Level 10,0) L10 Core 2 Comms supply & New
NBC Universal - St Giles High Street,17,Aug,1/8/2017 00:00:00,1114.00,Level 10,0) L10 Core 2 Tenant N Riser BD/TNW2P/L10 & New
NBC Universal - St Giles High Street,17,Aug,1/8/2017 00:00:00,1525.00,Level 10,191) L10 Core 1 Tenant NW Riser BD/TNW1L/L10
NBC Universal - St Giles High Street,17,Aug,1/8/2017 00:00:00,2146.00,Level 10,194) L10 Core 2 Tenant N Riser BD/TNW2L/L10
NBC Universal - St Giles High Street,17,Aug,1/8/2017 00:00:00,1569.00,Level 10,195) L10 Core 1 Tenant NE Riser BD/TNE1L/L10
NBC Universal - St Giles High Street,17,Aug,1/8/2017 00:00:00,466.00,Level 10,196) L10 Core 1 Tenant SE Riser BD/TSE1L/L10
NBC Universal - St Giles High Street,17,Aug,1/8/2017 00:00:00,1359.00,Level 10,199) L10 Core 1 Tenant SW Riser BD/TSW1L/L10
NBC Universal - St Giles High Street,17,Aug,1/8/2017 00:00:00,1297.00,Level 10,Central (Landlord's) Air Handling kWh
NBC Universal - St Giles High Street,17,Aug,1/8/2017 00:00:00,3525.00,Level 10,Central (Landlord's) Chillers/Pumps kWh:
NBC Universal - St Giles High Street,17,Aug,1/8/2017 00:00:00,1350.00,Level 10,Central (Landlord's) Misc Plant/Equipment kWh
NBC Universal - St Giles High Street,17,Aug,1/8/2017 00:00:00,4252.00,Level 10,Common Area
NBC Universal - St Giles High Street,17,Sep,1/9/2017 00:00:00,2340.00,GMez & L1 - NBC CSG,0) GF Core 1 Tenant NE Riser BD/TNEL/1GL
NBC Universal - St Giles High Street,17,Sep,1/9/2017 00:00:00,2659.00,GMez & L1 - NBC CSG,0) L1 Core 1 Tenant NE Riser BD/TNE1P/L1
NBC Universal - St Giles High Street,17,Sep,1/9/2017 00:00:00,5149.00,GMez & L1 - NBC CSG,0) L1 Core 1 Tenant NW Riser BD/TNW1P/L1
NBC Universal - St Giles High Street,17,Sep,1/9/2017 00:00:00,2447.00,GMez & L1 - NBC CSG,0) L1 Core 1 Tenant SE Riser BD/TSE1P/L1
NBC Universal - St Giles High Street,17,Sep,1/9/2017 00:00:00,3029.00,GMez & L1 - NBC CSG,0) L1 Core 1 Tenant SW Riser BD/TSW1P/L1
NBC Universal - St Giles High Street,17,Sep,1/9/2017 00:00:00,3592.00,GMez & L1 - NBC CSG,0) L1 Core 2 Tenant N Riser BD/TNW2L/L1
NBC Universal - St Giles High Street,17,Sep,1/9/2017 00:00:00,3043.00,GMez & L1 - NBC CSG,0) L1 Core 3 Tenant SW Riser BD/TSW2L/L1
NBC Universal - St Giles High Street,17,Sep,1/9/2017 00:00:00,1899.00,GMez & L1 - NBC CSG,131) A17 LV3 Spare DB/B2/IT
NBC Universal - St Giles High Street,17,Sep,1/9/2017 00:00:00,79291.00,GMez & L1 - NBC CSG,142) A6 LV3 NBC MER I/O Panel (Spare)
NBC Universal - St Giles High Street,17,Sep,1/9/2017 00:00:00,2669.00,GMez & L1 - NBC CSG,278) L1 Core 1 Tenant NW Riser BD/TNW1L/L1
NBC Universal - St Giles High Street,17,Sep,1/9/2017 00:00:00,4387.00,GMez & L1 - NBC CSG,281) L1 Core 2 Tenant N Riser BD/TNW2L(P)/L1
NBC Universal - St Giles High Street,17,Sep,1/9/2017 00:00:00,3320.00,GMez & L1 - NBC CSG,282) L1 Core 1 Tenant NE Riser BD/TNE1L/L1
NBC Universal - St Giles High Street,17,Sep,1/9/2017 00:00:00,2410.00,GMez & L1 - NBC CSG,283) L1 Core 1 Tenant SE Riser BD/TSE1L/L1
NBC Universal - St Giles High Street,17,Sep,1/9/2017 00:00:00,2054.00,GMez & L1 - NBC CSG,284) L1 Core 3 Tenant SW Riser BD/TSW2L(P)/L1
NBC Universal - St Giles High Street,17,Sep,1/9/2017 00:00:00,3414.00,GMez & L1 - NBC CSG,287) L1 Core 1 Tenant SW Riser BD/TSW1L/L1
NBC Universal - St Giles High Street,17,Sep,1/9/2017 00:00:00,1420.00,GMez & L1 - NBC CSG,293) GF Core 1 Tenant NE Riser BD/TNEL/1PG__
NBC Universal - St Giles High Street,17,Sep,1/9/2017 00:00:00,690.00,GMez & L1 - NBC CSG,294) GF Core 1 Tenant SE Riser BD/TSEL/__
NBC Universal - St Giles High Street,17,Sep,1/9/2017 00:00:00,2288.00,GMez & L1 - NBC CSG,Central (Landlord's) Air Handling
NBC Universal - St Giles High Street,17,Sep,1/9/2017 00:00:00,31209.00,GMez & L1 - NBC CSG,Central (Landlord's) Chillers/Pumps
NBC Universal - St Giles High Street,17,Sep,1/9/2017 00:00:00,1872.00,GMez & L1 - NBC CSG,Central (Landlord's) Misc Plant/Equipment
NBC Universal - St Giles High Street,17,Sep,1/9/2017 00:00:00,6294.00,GMez & L1 - NBC CSG,Common Area
NBC Universal - St Giles High Street,17,Sep,1/9/2017 00:00:00,2057.00,L2 & L3 N,0) L2 Core 1 Tenant NE Riser BD/TNE1P/L2
NBC Universal - St Giles High Street,17,Sep,1/9/2017 00:00:00,3584.00,L2 & L3 N,0) L2 Core 1 Tenant NW Riser BD/TNW1P/L2
NBC Universal - St Giles High Street,17,Sep,1/9/2017 00:00:00,2016.00,L2 & L3 N,0) L2 Core 1 Tenant SE Riser BD/TSE1P/L2
NBC Universal - St Giles High Street,17,Sep,1/9/2017 00:00:00,3610.00,L2 & L3 N,0) L2 Core 1 Tenant SW Riser BD/TSW1P/L2
NBC Universal - St Giles High Street,17,Sep,1/9/2017 00:00:00,252.00,L2 & L3 N,0) L2 Core 2 Tenant N Riser BD/TNW2L/L2
NBC Universal - St Giles High Street,17,Sep,1/9/2017 00:00:00,3064.00,L2 & L3 N,0) L2 Core 3 Tenant SW Riser BD/TSW2P/L2
NBC Universal - St Giles High Street,17,Sep,1/9/2017 00:00:00,1141.00,L2 & L3 N,0) L3 Core 1 Tenant NE Riser BD/TNE1L/L3
NBC Universal - St Giles High Street,17,Sep,1/9/2017 00:00:00,2812.00,L2 & L3 N,0) L3 Core 1 Tenant NW Riser BD/TNW1P/L3 new
NBC Universal - St Giles High Street,17,Sep,1/9/2017 00:00:00,3792.00,L2 & L3 N,0) L3 Core 1 Tenant NW Riser DB dub new
NBC Universal - St Giles High Street,17,Sep,1/9/2017 00:00:00,5404.00,L2 & L3 N,0) L3 Core 2 Tenant N Riser BD/TNW2L/L1
NBC Universal - St Giles High Street,17,Sep,1/9/2017 00:00:00,4016.00,L2 & L3 N,0) L3 Core 2 Tenant NW2 Riser BD/P
NBC Universal - St Giles High Street,17,Sep,1/9/2017 00:00:00,5245.00,L2 & L3 N,261) L3 Core 2 Tenant N Riser BD/TNW2L(P)/L3
NBC Universal - St Giles High Street,17,Sep,1/9/2017 00:00:00,3094.00,L2 & L3 N,262) L3 Core 1 Tenant NE Riser BD/TNE1L/L3 new
NBC Universal - St Giles High Street,17,Sep,1/9/2017 00:00:00,3156.00,L2 & L3 N,268) L2 Core 1 Tenant NW Riser BD/TNW1L/L2
NBC Universal - St Giles High Street,17,Sep,1/9/2017 00:00:00,4534.00,L2 & L3 N,271) L2 Core 2 Tenant N Riser BD/TNW2L(P)/L2
NBC Universal - St Giles High Street,17,Sep,1/9/2017 00:00:00,2978.00,L2 & L3 N,272) L2 Core 1 Tenant NE Riser BD/TNE1L/L2
NBC Universal - St Giles High Street,17,Sep,1/9/2017 00:00:00,2264.00,L2 & L3 N,273) L2 Core 1 Tenant SE Riser BD/TSE1L/L2
NBC Universal - St Giles High Street,17,Sep,1/9/2017 00:00:00,2447.00,L2 & L3 N,274) L2 Core 3 Tenant SW Riser BD/TSW2L/L2
NBC Universal - St Giles High Street,17,Sep,1/9/2017 00:00:00,3680.00,L2 & L3 N,77) L2 Core 1 Tenant SW Riser BD/TSW1L/L2
NBC Universal - St Giles High Street,17,Sep,1/9/2017 00:00:00,3213.00,L2 & L3 N,Central (Landlord's) Air Handling kWh
NBC Universal - St Giles High Street,17,Sep,1/9/2017 00:00:00,15156.00,L2 & L3 N,Central (Landlord's) Chillers/Pumps kWh:
NBC Universal - St Giles High Street,17,Sep,1/9/2017 00:00:00,2797.00,L2 & L3 N,Central (Landlord's) Misc Plant/Equipment kWh
NBC Universal - St Giles High Street,17,Sep,1/9/2017 00:00:00,8838.00,L2 & L3 N,Common Area
NBC Universal - St Giles High Street,17,Sep,1/9/2017 00:00:00,980.00,L2 & L3 N,i) 258) L3 Core 1 Tenant NW Riser BD/TNW1L/L3
NBC Universal - St Giles High Street,17,Sep,1/9/2017 00:00:00,1782.00,Level 10,0) L10 Core 1 Tenant NW Riser BD/TNW1P/L10 & New
NBC Universal - St Giles High Street,17,Sep,1/9/2017 00:00:00,2362.00,Level 10,0) L10 Core 1 Tenant SW Riser BD/TSW1P/L10 & New
NBC Universal - St Giles High Street,17,Sep,1/9/2017 00:00:00,8.00,Level 10,0) L10 Core 2 Comms supply & New
NBC Universal - St Giles High Street,17,Sep,1/9/2017 00:00:00,954.00,Level 10,0) L10 Core 2 Tenant N Riser BD/TNW2P/L10 & New
NBC Universal - St Giles High Street,17,Sep,1/9/2017 00:00:00,1380.00,Level 10,191) L10 Core 1 Tenant NW Riser BD/TNW1L/L10
NBC Universal - St Giles High Street,17,Sep,1/9/2017 00:00:00,1810.00,Level 10,194) L10 Core 2 Tenant N Riser BD/TNW2L/L10
NBC Universal - St Giles High Street,17,Sep,1/9/2017 00:00:00,1358.00,Level 10,195) L10 Core 1 Tenant NE Riser BD/TNE1L/L10
NBC Universal - St Giles High Street,17,Sep,1/9/2017 00:00:00,2272.00,Level 10,196) L10 Core 1 Tenant SE Riser BD/TSE1L/L10
NBC Universal - St Giles High Street,17,Sep,1/9/2017 00:00:00,1164.00,Level 10,199) L10 Core 1 Tenant SW Riser BD/TSW1L/L10
NBC Universal - St Giles High Street,17,Sep,1/9/2017 00:00:00,1259.00,Level 10,Central (Landlord's) Air Handling kWh
NBC Universal - St Giles High Street,17,Sep,1/9/2017 00:00:00,3299.00,Level 10,Central (Landlord's) Chillers/Pumps kWh:
NBC Universal - St Giles High Street,17,Sep,1/9/2017 00:00:00,1178.00,Level 10,Central (Landlord's) Misc Plant/Equipment kWh
NBC Universal - St Giles High Street,17,Sep,1/9/2017 00:00:00,3463.00,Level 10,Common Area
NBC Universal - St Giles High Street,17,Oct,1/10/2017 00:00:00,2524.00,GMez & L1 - NBC CSG,0) GF Core 1 Tenant NE Riser BD/TNEL/1GL
NBC Universal - St Giles High Street,17,Oct,1/10/2017 00:00:00,2707.00,GMez & L1 - NBC CSG,0) L1 Core 1 Tenant NE Riser BD/TNE1P/L1
NBC Universal - St Giles High Street,17,Oct,1/10/2017 00:00:00,5623.00,GMez & L1 - NBC CSG,0) L1 Core 1 Tenant NW Riser BD/TNW1P/L1
NBC Universal - St Giles High Street,17,Oct,1/10/2017 00:00:00,2607.00,GMez & L1 - NBC CSG,0) L1 Core 1 Tenant SE Riser BD/TSE1P/L1
NBC Universal - St Giles High Street,17,Oct,1/10/2017 00:00:00,3270.00,GMez & L1 - NBC CSG,0) L1 Core 1 Tenant SW Riser BD/TSW1P/L1
NBC Universal - St Giles High Street,17,Oct,1/10/2017 00:00:00,3803.00,GMez & L1 - NBC CSG,0) L1 Core 2 Tenant N Riser BD/TNW2L/L1
NBC Universal - St Giles High Street,17,Oct,1/10/2017 00:00:00,3269.00,GMez & L1 - NBC CSG,0) L1 Core 3 Tenant SW Riser BD/TSW2L/L1
NBC Universal - St Giles High Street,17,Oct,1/10/2017 00:00:00,1925.00,GMez & L1 - NBC CSG,131) A17 LV3 Spare DB/B2/IT
NBC Universal - St Giles High Street,17,Oct,1/10/2017 00:00:00,80634.00,GMez & L1 - NBC CSG,142) A6 LV3 NBC MER I/O Panel (Spare)
NBC Universal - St Giles High Street,17,Oct,1/10/2017 00:00:00,2862.00,GMez & L1 - NBC CSG,278) L1 Core 1 Tenant NW Riser BD/TNW1L/L1
NBC Universal - St Giles High Street,17,Oct,1/10/2017 00:00:00,4725.00,GMez & L1 - NBC CSG,281) L1 Core 2 Tenant N Riser BD/TNW2L(P)/L1
NBC Universal - St Giles High Street,17,Oct,1/10/2017 00:00:00,3461.00,GMez & L1 - NBC CSG,282) L1 Core 1 Tenant NE Riser BD/TNE1L/L1
NBC Universal - St Giles High Street,17,Oct,1/10/2017 00:00:00,2568.00,GMez & L1 - NBC CSG,283) L1 Core 1 Tenant SE Riser BD/TSE1L/L1
NBC Universal - St Giles High Street,17,Oct,1/10/2017 00:00:00,2306.00,GMez & L1 - NBC CSG,284) L1 Core 3 Tenant SW Riser BD/TSW2L(P)/L1
NBC Universal - St Giles High Street,17,Oct,1/10/2017 00:00:00,3709.00,GMez & L1 - NBC CSG,287) L1 Core 1 Tenant SW Riser BD/TSW1L/L1
NBC Universal - St Giles High Street,17,Oct,1/10/2017 00:00:00,1532.00,GMez & L1 - NBC CSG,293) GF Core 1 Tenant NE Riser BD/TNEL/1PG__
NBC Universal - St Giles High Street,17,Oct,1/10/2017 00:00:00,736.00,GMez & L1 - NBC CSG,294) GF Core 1 Tenant SE Riser BD/TSEL/__
NBC Universal - St Giles High Street,17,Oct,1/10/2017 00:00:00,2193.00,GMez & L1 - NBC CSG,Central (Landlord's) Air Handling
NBC Universal - St Giles High Street,17,Oct,1/10/2017 00:00:00,32505.00,GMez & L1 - NBC CSG,Central (Landlord's) Chillers/Pumps
NBC Universal - St Giles High Street,17,Oct,1/10/2017 00:00:00,2194.00,GMez & L1 - NBC CSG,Central (Landlord's) Misc Plant/Equipment
NBC Universal - St Giles High Street,17,Oct,1/10/2017 00:00:00,7583.00,GMez & L1 - NBC CSG,Common Area
NBC Universal - St Giles High Street,17,Oct,1/10/2017 00:00:00,2219.00,L2 & L3 N,0) L2 Core 1 Tenant NE Riser BD/TNE1P/L2
NBC Universal - St Giles High Street,17,Oct,1/10/2017 00:00:00,3909.00,L2 & L3 N,0) L2 Core 1 Tenant NW Riser BD/TNW1P/L2
NBC Universal - St Giles High Street,17,Oct,1/10/2017 00:00:00,2600.00,L2 & L3 N,0) L2 Core 1 Tenant SE Riser BD/TSE1P/L2
NBC Universal - St Giles High Street,17,Oct,1/10/2017 00:00:00,4098.00,L2 & L3 N,0) L2 Core 1 Tenant SW Riser BD/TSW1P/L2
NBC Universal - St Giles High Street,17,Oct,1/10/2017 00:00:00,265.00,L2 & L3 N,0) L2 Core 2 Tenant N Riser BD/TNW2L/L2
NBC Universal - St Giles High Street,17,Oct,1/10/2017 00:00:00,3571.00,L2 & L3 N,0) L2 Core 3 Tenant SW Riser BD/TSW2P/L2
NBC Universal - St Giles High Street,17,Oct,1/10/2017 00:00:00,1253.00,L2 & L3 N,0) L3 Core 1 Tenant NE Riser BD/TNE1L/L3
NBC Universal - St Giles High Street,17,Oct,1/10/2017 00:00:00,2779.00,L2 & L3 N,0) L3 Core 1 Tenant NW Riser BD/TNW1P/L3 new
NBC Universal - St Giles High Street,17,Oct,1/10/2017 00:00:00,4081.00,L2 & L3 N,0) L3 Core 1 Tenant NW Riser DB dub new
NBC Universal - St Giles High Street,17,Oct,1/10/2017 00:00:00,5708.00,L2 & L3 N,0) L3 Core 2 Tenant N Riser BD/TNW2L/L1
NBC Universal - St Giles High Street,17,Oct,1/10/2017 00:00:00,4372.00,L2 & L3 N,0) L3 Core 2 Tenant NW2 Riser BD/P
NBC Universal - St Giles High Street,17,Oct,1/10/2017 00:00:00,5506.00,L2 & L3 N,261) L3 Core 2 Tenant N Riser BD/TNW2L(P)/L3
NBC Universal - St Giles High Street,17,Oct,1/10/2017 00:00:00,3496.00,L2 & L3 N,262) L3 Core 1 Tenant NE Riser BD/TNE1L/L3 new
NBC Universal - St Giles High Street,17,Oct,1/10/2017 00:00:00,3457.00,L2 & L3 N,268) L2 Core 1 Tenant NW Riser BD/TNW1L/L2
NBC Universal - St Giles High Street,17,Oct,1/10/2017 00:00:00,5049.00,L2 & L3 N,271) L2 Core 2 Tenant N Riser BD/TNW2L(P)/L2
NBC Universal - St Giles High Street,17,Oct,1/10/2017 00:00:00,3213.00,L2 & L3 N,272) L2 Core 1 Tenant NE Riser BD/TNE1L/L2
NBC Universal - St Giles High Street,17,Oct,1/10/2017 00:00:00,2506.00,L2 & L3 N,273) L2 Core 1 Tenant SE Riser BD/TSE1L/L2
NBC Universal - St Giles High Street,17,Oct,1/10/2017 00:00:00,2582.00,L2 & L3 N,274) L2 Core 3 Tenant SW Riser BD/TSW2L/L2
NBC Universal - St Giles High Street,17,Oct,1/10/2017 00:00:00,4191.00,L2 & L3 N,77) L2 Core 1 Tenant SW Riser BD/TSW1L/L2
NBC Universal - St Giles High Street,17,Oct,1/10/2017 00:00:00,3080.00,L2 & L3 N,Central (Landlord's) Air Handling kWh
NBC Universal - St Giles High Street,17,Oct,1/10/2017 00:00:00,16955.00,L2 & L3 N,Central (Landlord's) Chillers/Pumps kWh:
NBC Universal - St Giles High Street,17,Oct,1/10/2017 00:00:00,3277.00,L2 & L3 N,Central (Landlord's) Misc Plant/Equipment kWh
NBC Universal - St Giles High Street,17,Oct,1/10/2017 00:00:00,10648.00,L2 & L3 N,Common Area
NBC Universal - St Giles High Street,17,Oct,1/10/2017 00:00:00,2047.00,L2 & L3 N,i) 258) L3 Core 1 Tenant NW Riser BD/TNW1L/L3
NBC Universal - St Giles High Street,17,Oct,1/10/2017 00:00:00,1827.00,Level 10,0) L10 Core 1 Tenant NW Riser BD/TNW1P/L10 & New
NBC Universal - St Giles High Street,17,Oct,1/10/2017 00:00:00,2509.00,Level 10,0) L10 Core 1 Tenant SW Riser BD/TSW1P/L10 & New
NBC Universal - St Giles High Street,17,Oct,1/10/2017 00:00:00,1.00,Level 10,0) L10 Core 2 Comms supply & New
NBC Universal - St Giles High Street,17,Oct,1/10/2017 00:00:00,1051.00,Level 10,0) L10 Core 2 Tenant N Riser BD/TNW2P/L10 & New
NBC Universal - St Giles High Street,17,Oct,1/10/2017 00:00:00,1481.00,Level 10,191) L10 Core 1 Tenant NW Riser BD/TNW1L/L10
NBC Universal - St Giles High Street,17,Oct,1/10/2017 00:00:00,1961.00,Level 10,194) L10 Core 2 Tenant N Riser BD/TNW2L/L10
NBC Universal - St Giles High Street,17,Oct,1/10/2017 00:00:00,1507.00,Level 10,195) L10 Core 1 Tenant NE Riser BD/TNE1L/L10
NBC Universal - St Giles High Street,17,Oct,1/10/2017 00:00:00,1348.00,Level 10,196) L10 Core 1 Tenant SE Riser BD/TSE1L/L10
NBC Universal - St Giles High Street,17,Oct,1/10/2017 00:00:00,1257.00,Level 10,199) L10 Core 1 Tenant SW Riser BD/TSW1L/L10
NBC Universal - St Giles High Street,17,Oct,1/10/2017 00:00:00,1207.00,Level 10,Central (Landlord's) Air Handling kWh
NBC Universal - St Giles High Street,17,Oct,1/10/2017 00:00:00,3280.00,Level 10,Central (Landlord's) Chillers/Pumps kWh:
NBC Universal - St Giles High Street,17,Oct,1/10/2017 00:00:00,1368.00,Level 10,Central (Landlord's) Misc Plant/Equipment kWh
NBC Universal - St Giles High Street,17,Oct,1/10/2017 00:00:00,4172.00,Level 10,Common Area
NBC Universal - St Giles High Street,17,Nov,1/11/2017 00:00:00,4173.00,GMez & L1 - NBC CSG,0) GF Core 1 Tenant NE Riser BD/TNEL/1GL
NBC Universal - St Giles High Street,17,Nov,1/11/2017 00:00:00,2454.00,GMez & L1 - NBC CSG,0) L1 Core 1 Tenant NE Riser BD/TNE1P/L1
NBC Universal - St Giles High Street,17,Nov,1/11/2017 00:00:00,4991.00,GMez & L1 - NBC CSG,0) L1 Core 1 Tenant NW Riser BD/TNW1P/L1
NBC Universal - St Giles High Street,17,Nov,1/11/2017 00:00:00,2457.00,GMez & L1 - NBC CSG,0) L1 Core 1 Tenant SE Riser BD/TSE1P/L1
NBC Universal - St Giles High Street,17,Nov,1/11/2017 00:00:00,3104.00,GMez & L1 - NBC CSG,0) L1 Core 1 Tenant SW Riser BD/TSW1P/L1
NBC Universal - St Giles High Street,17,Nov,1/11/2017 00:00:00,3795.00,GMez & L1 - NBC CSG,0) L1 Core 2 Tenant N Riser BD/TNW2L/L1
NBC Universal - St Giles High Street,17,Nov,1/11/2017 00:00:00,3030.00,GMez & L1 - NBC CSG,0) L1 Core 3 Tenant SW Riser BD/TSW2L/L1
NBC Universal - St Giles High Street,17,Nov,1/11/2017 00:00:00,1787.00,GMez & L1 - NBC CSG,131) A17 LV3 Spare DB/B2/IT
NBC Universal - St Giles High Street,17,Nov,1/11/2017 00:00:00,75758.00,GMez & L1 - NBC CSG,142) A6 LV3 NBC MER I/O Panel (Spare)
NBC Universal - St Giles High Street,17,Nov,1/11/2017 00:00:00,2602.00,GMez & L1 - NBC CSG,278) L1 Core 1 Tenant NW Riser BD/TNW1L/L1
NBC Universal - St Giles High Street,17,Nov,1/11/2017 00:00:00,4582.00,GMez & L1 - NBC CSG,281) L1 Core 2 Tenant N Riser BD/TNW2L(P)/L1
NBC Universal - St Giles High Street,17,Nov,1/11/2017 00:00:00,3469.00,GMez & L1 - NBC CSG,282) L1 Core 1 Tenant NE Riser BD/TNE1L/L1
NBC Universal - St Giles High Street,17,Nov,1/11/2017 00:00:00,2529.00,GMez & L1 - NBC CSG,283) L1 Core 1 Tenant SE Riser BD/TSE1L/L1
NBC Universal - St Giles High Street,17,Nov,1/11/2017 00:00:00,2200.00,GMez & L1 - NBC CSG,284) L1 Core 3 Tenant SW Riser BD/TSW2L(P)/L1
NBC Universal - St Giles High Street,17,Nov,1/11/2017 00:00:00,3272.00,GMez & L1 - NBC CSG,287) L1 Core 1 Tenant SW Riser BD/TSW1L/L1
NBC Universal - St Giles High Street,17,Nov,1/11/2017 00:00:00,1320.00,GMez & L1 - NBC CSG,293) GF Core 1 Tenant NE Riser BD/TNEL/1PG__
NBC Universal - St Giles High Street,17,Nov,1/11/2017 00:00:00,729.00,GMez & L1 - NBC CSG,294) GF Core 1 Tenant SE Riser BD/TSEL/__
NBC Universal - St Giles High Street,17,Nov,1/11/2017 00:00:00,2555.00,GMez & L1 - NBC CSG,Central (Landlord's) Air Handling
NBC Universal - St Giles High Street,17,Nov,1/11/2017 00:00:00,33356.00,GMez & L1 - NBC CSG,Central (Landlord's) Chillers/Pumps
NBC Universal - St Giles High Street,17,Nov,1/11/2017 00:00:00,2115.00,GMez & L1 - NBC CSG,Central (Landlord's) Misc Plant/Equipment
NBC Universal - St Giles High Street,17,Nov,1/11/2017 00:00:00,6337.00,GMez & L1 - NBC CSG,Common Area
NBC Universal - St Giles High Street,17,Nov,1/11/2017 00:00:00,2359.00,L2 & L3 N,0) L2 Core 1 Tenant NE Riser BD/TNE1P/L2
NBC Universal - St Giles High Street,17,Nov,1/11/2017 00:00:00,3467.00,L2 & L3 N,0) L2 Core 1 Tenant NW Riser BD/TNW1P/L2
NBC Universal - St Giles High Street,17,Nov,1/11/2017 00:00:00,1873.00,L2 & L3 N,0) L2 Core 1 Tenant SE Riser BD/TSE1P/L2
NBC Universal - St Giles High Street,17,Nov,1/11/2017 00:00:00,3359.00,L2 & L3 N,0) L2 Core 1 Tenant SW Riser BD/TSW1P/L2
NBC Universal - St Giles High Street,17,Nov,1/11/2017 00:00:00,295.00,L2 & L3 N,0) L2 Core 2 Tenant N Riser BD/TNW2L/L2
NBC Universal - St Giles High Street,17,Nov,1/11/2017 00:00:00,2964.00,L2 & L3 N,0) L2 Core 3 Tenant SW Riser BD/TSW2P/L2
NBC Universal - St Giles High Street,17,Nov,1/11/2017 00:00:00,1121.00,L2 & L3 N,0) L3 Core 1 Tenant NE Riser BD/TNE1L/L3
NBC Universal - St Giles High Street,17,Nov,1/11/2017 00:00:00,2385.00,L2 & L3 N,0) L3 Core 1 Tenant NW Riser BD/TNW1P/L3 new
NBC Universal - St Giles High Street,17,Nov,1/11/2017 00:00:00,3354.00,L2 & L3 N,0) L3 Core 1 Tenant NW Riser DB dub new
NBC Universal - St Giles High Street,17,Nov,1/11/2017 00:00:00,5304.00,L2 & L3 N,0) L3 Core 2 Tenant N Riser BD/TNW2L/L1
NBC Universal - St Giles High Street,17,Nov,1/11/2017 00:00:00,3921.00,L2 & L3 N,0) L3 Core 2 Tenant NW2 Riser BD/P
NBC Universal - St Giles High Street,17,Nov,1/11/2017 00:00:00,4622.00,L2 & L3 N,261) L3 Core 2 Tenant N Riser BD/TNW2L(P)/L3
NBC Universal - St Giles High Street,17,Nov,1/11/2017 00:00:00,2927.00,L2 & L3 N,262) L3 Core 1 Tenant NE Riser BD/TNE1L/L3 new
NBC Universal - St Giles High Street,17,Nov,1/11/2017 00:00:00,3136.00,L2 & L3 N,268) L2 Core 1 Tenant NW Riser BD/TNW1L/L2
NBC Universal - St Giles High Street,17,Nov,1/11/2017 00:00:00,4333.00,L2 & L3 N,271) L2 Core 2 Tenant N Riser BD/TNW2L(P)/L2
NBC Universal - St Giles High Street,17,Nov,1/11/2017 00:00:00,3065.00,L2 & L3 N,272) L2 Core 1 Tenant NE Riser BD/TNE1L/L2
NBC Universal - St Giles High Street,17,Nov,1/11/2017 00:00:00,2243.00,L2 & L3 N,273) L2 Core 1 Tenant SE Riser BD/TSE1L/L2
NBC Universal - St Giles High Street,17,Nov,1/11/2017 00:00:00,2151.00,L2 & L3 N,274) L2 Core 3 Tenant SW Riser BD/TSW2L/L2
NBC Universal - St Giles High Street,17,Nov,1/11/2017 00:00:00,3507.00,L2 & L3 N,77) L2 Core 1 Tenant SW Riser BD/TSW1L/L2
NBC Universal - St Giles High Street,17,Nov,1/11/2017 00:00:00,3588.00,L2 & L3 N,Central (Landlord's) Air Handling kWh
NBC Universal - St Giles High Street,17,Nov,1/11/2017 00:00:00,15773.00,L2 & L3 N,Central (Landlord's) Chillers/Pumps kWh:
NBC Universal - St Giles High Street,17,Nov,1/11/2017 00:00:00,3128.00,L2 & L3 N,Central (Landlord's) Misc Plant/Equipment kWh
NBC Universal - St Giles High Street,17,Nov,1/11/2017 00:00:00,8898.00,L2 & L3 N,Common Area
NBC Universal - St Giles High Street,17,Nov,1/11/2017 00:00:00,1426.00,L2 & L3 N,i) 258) L3 Core 1 Tenant NW Riser BD/TNW1L/L3
NBC Universal - St Giles High Street,17,Nov,1/11/2017 00:00:00,1643.00,Level 10,0) L10 Core 1 Tenant NW Riser BD/TNW1P/L10 & New
NBC Universal - St Giles High Street,17,Nov,1/11/2017 00:00:00,2273.00,Level 10,0) L10 Core 1 Tenant SW Riser BD/TSW1P/L10 & New
NBC Universal - St Giles High Street,17,Nov,1/11/2017 00:00:00,1.00,Level 10,0) L10 Core 2 Comms supply & New
NBC Universal - St Giles High Street,17,Nov,1/11/2017 00:00:00,963.00,Level 10,0) L10 Core 2 Tenant N Riser BD/TNW2P/L10 & New
NBC Universal - St Giles High Street,17,Nov,1/11/2017 00:00:00,1347.00,Level 10,191) L10 Core 1 Tenant NW Riser BD/TNW1L/L10
NBC Universal - St Giles High Street,17,Nov,1/11/2017 00:00:00,1836.00,Level 10,194) L10 Core 2 Tenant N Riser BD/TNW2L/L10
NBC Universal - St Giles High Street,17,Nov,1/11/2017 00:00:00,1358.00,Level 10,195) L10 Core 1 Tenant NE Riser BD/TNE1L/L10
NBC Universal - St Giles High Street,17,Nov,1/11/2017 00:00:00,1338.00,Level 10,196) L10 Core 1 Tenant SE Riser BD/TSE1L/L10
NBC Universal - St Giles High Street,17,Nov,1/11/2017 00:00:00,1128.00,Level 10,199) L10 Core 1 Tenant SW Riser BD/TSW1L/L10
NBC Universal - St Giles High Street,17,Nov,1/11/2017 00:00:00,1406.00,Level 10,Central (Landlord's) Air Handling kWh
NBC Universal - St Giles High Street,17,Nov,1/11/2017 00:00:00,3243.00,Level 10,Central (Landlord's) Chillers/Pumps kWh:
NBC Universal - St Giles High Street,17,Nov,1/11/2017 00:00:00,1308.00,Level 10,Central (Landlord's) Misc Plant/Equipment kWh
NBC Universal - St Giles High Street,17,Nov,1/11/2017 00:00:00,3486.00,Level 10,Common Area
NBC Universal - St Giles High Street,17,Dec,1/12/2017 00:00:00,1644.00,GMez & L1 - NBC CSG,0) GF Core 1 Tenant NE Riser BD/TNEL/1GL
NBC Universal - St Giles High Street,17,Dec,1/12/2017 00:00:00,1863.00,GMez & L1 - NBC CSG,0) L1 Core 1 Tenant NE Riser BD/TNE1P/L1
NBC Universal - St Giles High Street,17,Dec,1/12/2017 00:00:00,4771.00,GMez & L1 - NBC CSG,0) L1 Core 1 Tenant NW Riser BD/TNW1P/L1
NBC Universal - St Giles High Street,17,Dec,1/12/2017 00:00:00,2284.00,GMez & L1 - NBC CSG,0) L1 Core 1 Tenant SE Riser BD/TSE1P/L1
NBC Universal - St Giles High Street,17,Dec,1/12/2017 00:00:00,3102.00,GMez & L1 - NBC CSG,0) L1 Core 1 Tenant SW Riser BD/TSW1P/L1
NBC Universal - St Giles High Street,17,Dec,1/12/2017 00:00:00,3502.00,GMez & L1 - NBC CSG,0) L1 Core 2 Tenant N Riser BD/TNW2L/L1
NBC Universal - St Giles High Street,17,Dec,1/12/2017 00:00:00,2922.00,GMez & L1 - NBC CSG,0) L1 Core 3 Tenant SW Riser BD/TSW2L/L1
NBC Universal - St Giles High Street,17,Dec,1/12/2017 00:00:00,1892.00,GMez & L1 - NBC CSG,131) A17 LV3 Spare DB/B2/IT
NBC Universal - St Giles High Street,17,Dec,1/12/2017 00:00:00,75597.00,GMez & L1 - NBC CSG,142) A6 LV3 NBC MER I/O Panel (Spare)
NBC Universal - St Giles High Street,17,Dec,1/12/2017 00:00:00,2543.00,GMez & L1 - NBC CSG,278) L1 Core 1 Tenant NW Riser BD/TNW1L/L1
NBC Universal - St Giles High Street,17,Dec,1/12/2017 00:00:00,4259.00,GMez & L1 - NBC CSG,281) L1 Core 2 Tenant N Riser BD/TNW2L(P)/L1
NBC Universal - St Giles High Street,17,Dec,1/12/2017 00:00:00,2933.00,GMez & L1 - NBC CSG,282) L1 Core 1 Tenant NE Riser BD/TNE1L/L1
NBC Universal - St Giles High Street,17,Dec,1/12/2017 00:00:00,2739.00,GMez & L1 - NBC CSG,283) L1 Core 1 Tenant SE Riser BD/TSE1L/L1
NBC Universal - St Giles High Street,17,Dec,1/12/2017 00:00:00,1951.00,GMez & L1 - NBC CSG,284) L1 Core 3 Tenant SW Riser BD/TSW2L(P)/L1
NBC Universal - St Giles High Street,17,Dec,1/12/2017 00:00:00,3283.00,GMez & L1 - NBC CSG,287) L1 Core 1 Tenant SW Riser BD/TSW1L/L1
NBC Universal - St Giles High Street,17,Dec,1/12/2017 00:00:00,9883.00,GMez & L1 - NBC CSG,293) GF Core 1 Tenant NE Riser BD/TNEL/1PG__
NBC Universal - St Giles High Street,17,Dec,1/12/2017 00:00:00,784.00,GMez & L1 - NBC CSG,294) GF Core 1 Tenant SE Riser BD/TSEL/__
NBC Universal - St Giles High Street,17,Dec,1/12/2017 00:00:00,2098.00,GMez & L1 - NBC CSG,Central (Landlord's) Air Handling
NBC Universal - St Giles High Street,17,Dec,1/12/2017 00:00:00,23514.00,GMez & L1 - NBC CSG,Central (Landlord's) Chillers/Pumps
NBC Universal - St Giles High Street,17,Dec,1/12/2017 00:00:00,2159.00,GMez & L1 - NBC CSG,Central (Landlord's) Misc Plant/Equipment
NBC Universal - St Giles High Street,17,Dec,1/12/2017 00:00:00,6468.00,GMez & L1 - NBC CSG,Common Area
NBC Universal - St Giles High Street,17,Dec,1/12/2017 00:00:00,1581.00,L2 & L3 N,0) L2 Core 1 Tenant NE Riser BD/TNE1P/L2
NBC Universal - St Giles High Street,17,Dec,1/12/2017 00:00:00,3148.00,L2 & L3 N,0) L2 Core 1 Tenant NW Riser BD/TNW1P/L2
NBC Universal - St Giles High Street,17,Dec,1/12/2017 00:00:00,2149.00,L2 & L3 N,0) L2 Core 1 Tenant SE Riser BD/TSE1P/L2
NBC Universal - St Giles High Street,17,Dec,1/12/2017 00:00:00,3402.00,L2 & L3 N,0) L2 Core 1 Tenant SW Riser BD/TSW1P/L2
NBC Universal - St Giles High Street,17,Dec,1/12/2017 00:00:00,237.00,L2 & L3 N,0) L2 Core 2 Tenant N Riser BD/TNW2L/L2
NBC Universal - St Giles High Street,17,Dec,1/12/2017 00:00:00,3014.00,L2 & L3 N,0) L2 Core 3 Tenant SW Riser BD/TSW2P/L2
NBC Universal - St Giles High Street,17,Dec,1/12/2017 00:00:00,913.00,L2 & L3 N,0) L3 Core 1 Tenant NE Riser BD/TNE1L/L3
NBC Universal - St Giles High Street,17,Dec,1/12/2017 00:00:00,2508.00,L2 & L3 N,0) L3 Core 1 Tenant NW Riser BD/TNW1P/L3 new
NBC Universal - St Giles High Street,17,Dec,1/12/2017 00:00:00,3603.00,L2 & L3 N,0) L3 Core 1 Tenant NW Riser DB dub new
NBC Universal - St Giles High Street,17,Dec,1/12/2017 00:00:00,5320.00,L2 & L3 N,0) L3 Core 2 Tenant N Riser BD/TNW2L/L1
NBC Universal - St Giles High Street,17,Dec,1/12/2017 00:00:00,3798.00,L2 & L3 N,0) L3 Core 2 Tenant NW2 Riser BD/P
NBC Universal - St Giles High Street,17,Dec,1/12/2017 00:00:00,4600.00,L2 & L3 N,261) L3 Core 2 Tenant N Riser BD/TNW2L(P)/L3
NBC Universal - St Giles High Street,17,Dec,1/12/2017 00:00:00,2508.00,L2 & L3 N,262) L3 Core 1 Tenant NE Riser BD/TNE1L/L3 new
NBC Universal - St Giles High Street,17,Dec,1/12/2017 00:00:00,2936.00,L2 & L3 N,268) L2 Core 1 Tenant NW Riser BD/TNW1L/L2
NBC Universal - St Giles High Street,17,Dec,1/12/2017 00:00:00,4203.00,L2 & L3 N,271) L2 Core 2 Tenant N Riser BD/TNW2L(P)/L2
NBC Universal - St Giles High Street,17,Dec,1/12/2017 00:00:00,2314.00,L2 & L3 N,272) L2 Core 1 Tenant NE Riser BD/TNE1L/L2
NBC Universal - St Giles High Street,17,Dec,1/12/2017 00:00:00,2230.00,L2 & L3 N,273) L2 Core 1 Tenant SE Riser BD/TSE1L/L2
NBC Universal - St Giles High Street,17,Dec,1/12/2017 00:00:00,2084.00,L2 & L3 N,274) L2 Core 3 Tenant SW Riser BD/TSW2L/L2
NBC Universal - St Giles High Street,17,Dec,1/12/2017 00:00:00,3642.00,L2 & L3 N,77) L2 Core 1 Tenant SW Riser BD/TSW1L/L2
NBC Universal - St Giles High Street,17,Dec,1/12/2017 00:00:00,2945.00,L2 & L3 N,Central (Landlord's) Air Handling kWh
NBC Universal - St Giles High Street,17,Dec,1/12/2017 00:00:00,10396.00,L2 & L3 N,Central (Landlord's) Chillers/Pumps kWh:
NBC Universal - St Giles High Street,17,Dec,1/12/2017 00:00:00,3185.00,L2 & L3 N,Central (Landlord's) Misc Plant/Equipment kWh
NBC Universal - St Giles High Street,17,Dec,1/12/2017 00:00:00,9082.00,L2 & L3 N,Common Area
NBC Universal - St Giles High Street,17,Dec,1/12/2017 00:00:00,1495.00,L2 & L3 N,i) 258) L3 Core 1 Tenant NW Riser BD/TNW1L/L3
NBC Universal - St Giles High Street,17,Dec,1/12/2017 00:00:00,1529.00,Level 10,0) L10 Core 1 Tenant NW Riser BD/TNW1P/L10 & New
NBC Universal - St Giles High Street,17,Dec,1/12/2017 00:00:00,2277.00,Level 10,0) L10 Core 1 Tenant SW Riser BD/TSW1P/L10 & New
NBC Universal - St Giles High Street,17,Dec,1/12/2017 00:00:00,1.00,Level 10,0) L10 Core 2 Comms supply & New
NBC Universal - St Giles High Street,17,Dec,1/12/2017 00:00:00,902.00,Level 10,0) L10 Core 2 Tenant N Riser BD/TNW2P/L10 & New
NBC Universal - St Giles High Street,17,Dec,1/12/2017 00:00:00,1359.00,Level 10,191) L10 Core 1 Tenant NW Riser BD/TNW1L/L10
NBC Universal - St Giles High Street,17,Dec,1/12/2017 00:00:00,714.00,Level 10,194) L10 Core 2 Tenant N Riser BD/TNW2L/L10
NBC Universal - St Giles High Street,17,Dec,1/12/2017 00:00:00,1084.00,Level 10,195) L10 Core 1 Tenant NE Riser BD/TNE1L/L10
NBC Universal - St Giles High Street,17,Dec,1/12/2017 00:00:00,1285.00,Level 10,196) L10 Core 1 Tenant SE Riser BD/TSE1L/L10
NBC Universal - St Giles High Street,17,Dec,1/12/2017 00:00:00,1177.00,Level 10,199) L10 Core 1 Tenant SW Riser BD/TSW1L/L10
NBC Universal - St Giles High Street,17,Dec,1/12/2017 00:00:00,1154.00,Level 10,Central (Landlord's) Air Handling kWh
NBC Universal - St Giles High Street,17,Dec,1/12/2017 00:00:00,1928.00,Level 10,Central (Landlord's) Chillers/Pumps kWh:
NBC Universal - St Giles High Street,17,Dec,1/12/2017 00:00:00,1332.00,Level 10,Central (Landlord's) Misc Plant/Equipment kWh
NBC Universal - St Giles High Street,17,Dec,1/12/2017 00:00:00,3558.00,Level 10,Common Area
NBC Universal - St Giles High Street,18,Jan,1/1/2018 00:00:00,2086.00,GMez & L1 - NBC CSG,0) GF Core 1 Tenant NE Riser BD/TNEL/1GL
NBC Universal - St Giles High Street,18,Jan,1/1/2018 00:00:00,2406.00,GMez & L1 - NBC CSG,0) L1 Core 1 Tenant NE Riser BD/TNE1P/L1
NBC Universal - St Giles High Street,18,Jan,1/1/2018 00:00:00,5323.00,GMez & L1 - NBC CSG,0) L1 Core 1 Tenant NW Riser BD/TNW1P/L1
NBC Universal - St Giles High Street,18,Jan,1/1/2018 00:00:00,2457.00,GMez & L1 - NBC CSG,0) L1 Core 1 Tenant SE Riser BD/TSE1P/L1
NBC Universal - St Giles High Street,18,Jan,1/1/2018 00:00:00,3041.00,GMez & L1 - NBC CSG,0) L1 Core 1 Tenant SW Riser BD/TSW1P/L1
NBC Universal - St Giles High Street,18,Jan,1/1/2018 00:00:00,4572.00,GMez & L1 - NBC CSG,0) L1 Core 2 Tenant N Riser BD/TNW2L/L1
NBC Universal - St Giles High Street,18,Jan,1/1/2018 00:00:00,3218.00,GMez & L1 - NBC CSG,0) L1 Core 3 Tenant SW Riser BD/TSW2L/L1
NBC Universal - St Giles High Street,18,Jan,1/1/2018 00:00:00,1965.00,GMez & L1 - NBC CSG,131) A17 LV3 Spare DB/B2/IT
NBC Universal - St Giles High Street,18,Jan,1/1/2018 00:00:00,79704.00,GMez & L1 - NBC CSG,142) A6 LV3 NBC MER I/O Panel (Spare)
NBC Universal - St Giles High Street,18,Jan,1/1/2018 00:00:00,2781.00,GMez & L1 - NBC CSG,278) L1 Core 1 Tenant NW Riser BD/TNW1L/L1
NBC Universal - St Giles High Street,18,Jan,1/1/2018 00:00:00,4614.00,GMez & L1 - NBC CSG,281) L1 Core 2 Tenant N Riser BD/TNW2L(P)/L1
NBC Universal - St Giles High Street,18,Jan,1/1/2018 00:00:00,3688.00,GMez & L1 - NBC CSG,282) L1 Core 1 Tenant NE Riser BD/TNE1L/L1
NBC Universal - St Giles High Street,18,Jan,1/1/2018 00:00:00,2921.00,GMez & L1 - NBC CSG,283) L1 Core 1 Tenant SE Riser BD/TSE1L/L1
NBC Universal - St Giles High Street,18,Jan,1/1/2018 00:00:00,2073.00,GMez & L1 - NBC CSG,284) L1 Core 3 Tenant SW Riser BD/TSW2L(P)/L1
NBC Universal - St Giles High Street,18,Jan,1/1/2018 00:00:00,3670.00,GMez & L1 - NBC CSG,287) L1 Core 1 Tenant SW Riser BD/TSW1L/L1
NBC Universal - St Giles High Street,18,Jan,1/1/2018 00:00:00,2929.00,GMez & L1 - NBC CSG,293) GF Core 1 Tenant NE Riser BD/TNEL/1PG__
NBC Universal - St Giles High Street,18,Jan,1/1/2018 00:00:00,1131.00,GMez & L1 - NBC CSG,294) GF Core 1 Tenant SE Riser BD/TSEL/__
NBC Universal - St Giles High Street,18,Jan,1/1/2018 00:00:00,3092.00,GMez & L1 - NBC CSG,Central (Landlord's) Air Handling
NBC Universal - St Giles High Street,18,Jan,1/1/2018 00:00:00,19896.00,GMez & L1 - NBC CSG,Central (Landlord's) Chillers/Pumps
NBC Universal - St Giles High Street,18,Jan,1/1/2018 00:00:00,2458.00,GMez & L1 - NBC CSG,Central (Landlord's) Misc Plant/Equipment
NBC Universal - St Giles High Street,18,Jan,1/1/2018 00:00:00,6887.00,GMez & L1 - NBC CSG,Common Area
NBC Universal - St Giles High Street,18,Jan,1/1/2018 00:00:00,2063.00,L2 & L3 N,0) L2 Core 1 Tenant NE Riser BD/TNE1P/L2
NBC Universal - St Giles High Street,18,Jan,1/1/2018 00:00:00,3539.00,L2 & L3 N,0) L2 Core 1 Tenant NW Riser BD/TNW1P/L2
NBC Universal - St Giles High Street,18,Jan,1/1/2018 00:00:00,2224.00,L2 & L3 N,0) L2 Core 1 Tenant SE Riser BD/TSE1P/L2
NBC Universal - St Giles High Street,18,Jan,1/1/2018 00:00:00,3849.00,L2 & L3 N,0) L2 Core 1 Tenant SW Riser BD/TSW1P/L2
NBC Universal - St Giles High Street,18,Jan,1/1/2018 00:00:00,270.00,L2 & L3 N,0) L2 Core 2 Tenant N Riser BD/TNW2L/L2
NBC Universal - St Giles High Street,18,Jan,1/1/2018 00:00:00,3235.00,L2 & L3 N,0) L2 Core 3 Tenant SW Riser BD/TSW2P/L2
NBC Universal - St Giles High Street,18,Jan,1/1/2018 00:00:00,1097.00,L2 & L3 N,0) L3 Core 1 Tenant NE Riser BD/TNE1L/L3
NBC Universal - St Giles High Street,18,Jan,1/1/2018 00:00:00,2669.00,L2 & L3 N,0) L3 Core 1 Tenant NW Riser BD/TNW1P/L3 new
NBC Universal - St Giles High Street,18,Jan,1/1/2018 00:00:00,3643.00,L2 & L3 N,0) L3 Core 1 Tenant NW Riser DB dub new
NBC Universal - St Giles High Street,18,Jan,1/1/2018 00:00:00,5266.00,L2 & L3 N,0) L3 Core 2 Tenant N Riser BD/TNW2L/L1
NBC Universal - St Giles High Street,18,Jan,1/1/2018 00:00:00,3981.00,L2 & L3 N,0) L3 Core 2 Tenant NW2 Riser BD/P
NBC Universal - St Giles High Street,18,Jan,1/1/2018 00:00:00,5168.00,L2 & L3 N,261) L3 Core 2 Tenant N Riser BD/TNW2L(P)/L3
NBC Universal - St Giles High Street,18,Jan,1/1/2018 00:00:00,3151.00,L2 & L3 N,262) L3 Core 1 Tenant NE Riser BD/TNE1L/L3 new
NBC Universal - St Giles High Street,18,Jan,1/1/2018 00:00:00,3234.00,L2 & L3 N,268) L2 Core 1 Tenant NW Riser BD/TNW1L/L2
NBC Universal - St Giles High Street,18,Jan,1/1/2018 00:00:00,4643.00,L2 & L3 N,271) L2 Core 2 Tenant N Riser BD/TNW2L(P)/L2
NBC Universal - St Giles High Street,18,Jan,1/1/2018 00:00:00,3093.00,L2 & L3 N,272) L2 Core 1 Tenant NE Riser BD/TNE1L/L2
NBC Universal - St Giles High Street,18,Jan,1/1/2018 00:00:00,2426.00,L2 & L3 N,273) L2 Core 1 Tenant SE Riser BD/TSE1L/L2
NBC Universal - St Giles High Street,18,Jan,1/1/2018 00:00:00,2437.00,L2 & L3 N,274) L2 Core 3 Tenant SW Riser BD/TSW2L/L2
NBC Universal - St Giles High Street,18,Jan,1/1/2018 00:00:00,4234.00,L2 & L3 N,77) L2 Core 1 Tenant SW Riser BD/TSW1L/L2
NBC Universal - St Giles High Street,18,Jan,1/1/2018 00:00:00,4332.00,L2 & L3 N,Central (Landlord's) Air Handling kWh
NBC Universal - St Giles High Street,18,Jan,1/1/2018 00:00:00,9550.00,L2 & L3 N,Central (Landlord's) Chillers/Pumps kWh:
NBC Universal - St Giles High Street,18,Jan,1/1/2018 00:00:00,3626.00,L2 & L3 N,Central (Landlord's) Misc Plant/Equipment kWh
NBC Universal - St Giles High Street,18,Jan,1/1/2018 00:00:00,9671.00,L2 & L3 N,Common Area
NBC Universal - St Giles High Street,18,Jan,1/1/2018 00:00:00,1493.00,L2 & L3 N,i) 258) L3 Core 1 Tenant NW Riser BD/TNW1L/L3
NBC Universal - St Giles High Street,18,Jan,1/1/2018 00:00:00,1722.00,Level 10,0) L10 Core 1 Tenant NW Riser BD/TNW1P/L10 & New
NBC Universal - St Giles High Street,18,Jan,1/1/2018 00:00:00,2487.00,Level 10,0) L10 Core 1 Tenant SW Riser BD/TSW1P/L10 & New
NBC Universal - St Giles High Street,18,Jan,1/1/2018 00:00:00,1.00,Level 10,0) L10 Core 2 Comms supply & New
NBC Universal - St Giles High Street,18,Jan,1/1/2018 00:00:00,1103.00,Level 10,0) L10 Core 2 Tenant N Riser BD/TNW2P/L10 & New
NBC Universal - St Giles High Street,18,Jan,1/1/2018 00:00:00,1435.00,Level 10,191) L10 Core 1 Tenant NW Riser BD/TNW1L/L10
NBC Universal - St Giles High Street,18,Jan,1/1/2018 00:00:00,3083.00,Level 10,194) L10 Core 2 Tenant N Riser BD/TNW2L/L10
NBC Universal - St Giles High Street,18,Jan,1/1/2018 00:00:00,1436.00,Level 10,195) L10 Core 1 Tenant NE Riser BD/TNE1L/L10
NBC Universal - St Giles High Street,18,Jan,1/1/2018 00:00:00,1318.00,Level 10,196) L10 Core 1 Tenant SE Riser BD/TSE1L/L10
NBC Universal - St Giles High Street,18,Jan,1/1/2018 00:00:00,1205.00,Level 10,199) L10 Core 1 Tenant SW Riser BD/TSW1L/L10
NBC Universal - St Giles High Street,18,Jan,1/1/2018 00:00:00,1701.00,Level 10,Central (Landlord's) Air Handling kWh
NBC Universal - St Giles High Street,18,Jan,1/1/2018 00:00:00,2134.00,Level 10,Central (Landlord's) Chillers/Pumps kWh:
NBC Universal - St Giles High Street,18,Jan,1/1/2018 00:00:00,1505.00,Level 10,Central (Landlord's) Misc Plant/Equipment kWh
NBC Universal - St Giles High Street,18,Jan,1/1/2018 00:00:00,3789.00,Level 10,Common Area
NBC Universal - St Giles High Street,18,Feb,1/2/2018 00:00:00,2478.00,GMez & L1 - NBC CSG,0) GF Core 1 Tenant NE Riser BD/TNEL/1GL
NBC Universal - St Giles High Street,18,Feb,1/2/2018 00:00:00,2518.00,GMez & L1 - NBC CSG,0) L1 Core 1 Tenant NE Riser BD/TNE1P/L1
NBC Universal - St Giles High Street,18,Feb,1/2/2018 00:00:00,5081.00,GMez & L1 - NBC CSG,0) L1 Core 1 Tenant NW Riser BD/TNW1P/L1
NBC Universal - St Giles High Street,18,Feb,1/2/2018 00:00:00,2548.00,GMez & L1 - NBC CSG,0) L1 Core 1 Tenant SE Riser BD/TSE1P/L1
NBC Universal - St Giles High Street,18,Feb,1/2/2018 00:00:00,3116.00,GMez & L1 - NBC CSG,0) L1 Core 1 Tenant SW Riser BD/TSW1P/L1
NBC Universal - St Giles High Street,18,Feb,1/2/2018 00:00:00,3302.00,GMez & L1 - NBC CSG,0) L1 Core 2 Tenant N Riser BD/TNW2L/L1
NBC Universal - St Giles High Street,18,Feb,1/2/2018 00:00:00,3191.00,GMez & L1 - NBC CSG,0) L1 Core 3 Tenant SW Riser BD/TSW2L/L1
NBC Universal - St Giles High Street,18,Feb,1/2/2018 00:00:00,2062.00,GMez & L1 - NBC CSG,131) A17 LV3 Spare DB/B2/IT
NBC Universal - St Giles High Street,18,Feb,1/2/2018 00:00:00,72883.00,GMez & L1 - NBC CSG,142) A6 LV3 NBC MER I/O Panel (Spare)
NBC Universal - St Giles High Street,18,Feb,1/2/2018 00:00:00,2966.00,GMez & L1 - NBC CSG,278) L1 Core 1 Tenant NW Riser BD/TNW1L/L1
NBC Universal - St Giles High Street,18,Feb,1/2/2018 00:00:00,4514.00,GMez & L1 - NBC CSG,281) L1 Core 2 Tenant N Riser BD/TNW2L(P)/L1
NBC Universal - St Giles High Street,18,Feb,1/2/2018 00:00:00,3676.00,GMez & L1 - NBC CSG,282) L1 Core 1 Tenant NE Riser BD/TNE1L/L1
NBC Universal - St Giles High Street,18,Feb,1/2/2018 00:00:00,3030.00,GMez & L1 - NBC CSG,283) L1 Core 1 Tenant SE Riser BD/TSE1L/L1
NBC Universal - St Giles High Street,18,Feb,1/2/2018 00:00:00,2075.00,GMez & L1 - NBC CSG,284) L1 Core 3 Tenant SW Riser BD/TSW2L(P)/L1
NBC Universal - St Giles High Street,18,Feb,1/2/2018 00:00:00,3718.00,GMez & L1 - NBC CSG,287) L1 Core 1 Tenant SW Riser BD/TSW1L/L1
NBC Universal - St Giles High Street,18,Feb,1/2/2018 00:00:00,3888.00,GMez & L1 - NBC CSG,293) GF Core 1 Tenant NE Riser BD/TNEL/1PG__
NBC Universal - St Giles High Street,18,Feb,1/2/2018 00:00:00,1596.00,GMez & L1 - NBC CSG,294) GF Core 1 Tenant SE Riser BD/TSEL/__
NBC Universal - St Giles High Street,18,Feb,1/2/2018 00:00:00,3779.00,GMez & L1 - NBC CSG,Central (Landlord's) Air Handling
NBC Universal - St Giles High Street,18,Feb,1/2/2018 00:00:00,20612.00,GMez & L1 - NBC CSG,Central (Landlord's) Chillers/Pumps
NBC Universal - St Giles High Street,18,Feb,1/2/2018 00:00:00,2155.00,GMez & L1 - NBC CSG,Central (Landlord's) Misc Plant/Equipment
NBC Universal - St Giles High Street,18,Feb,1/2/2018 00:00:00,6808.00,GMez & L1 - NBC CSG,Common Area
NBC Universal - St Giles High Street,18,Feb,1/2/2018 00:00:00,2180.00,L2 & L3 N,0) L2 Core 1 Tenant NE Riser BD/TNE1P/L2
NBC Universal - St Giles High Street,18,Feb,1/2/2018 00:00:00,3622.00,L2 & L3 N,0) L2 Core 1 Tenant NW Riser BD/TNW1P/L2
NBC Universal - St Giles High Street,18,Feb,1/2/2018 00:00:00,2356.00,L2 & L3 N,0) L2 Core 1 Tenant SE Riser BD/TSE1P/L2
NBC Universal - St Giles High Street,18,Feb,1/2/2018 00:00:00,3588.00,L2 & L3 N,0) L2 Core 1 Tenant SW Riser BD/TSW1P/L2
NBC Universal - St Giles High Street,18,Feb,1/2/2018 00:00:00,266.00,L2 & L3 N,0) L2 Core 2 Tenant N Riser BD/TNW2L/L2
NBC Universal - St Giles High Street,18,Feb,1/2/2018 00:00:00,3153.00,L2 & L3 N,0) L2 Core 3 Tenant SW Riser BD/TSW2P/L2
NBC Universal - St Giles High Street,18,Feb,1/2/2018 00:00:00,1109.00,L2 & L3 N,0) L3 Core 1 Tenant NE Riser BD/TNE1L/L3
NBC Universal - St Giles High Street,18,Feb,1/2/2018 00:00:00,2713.00,L2 & L3 N,0) L3 Core 1 Tenant NW Riser BD/TNW1P/L3 new
NBC Universal - St Giles High Street,18,Feb,1/2/2018 00:00:00,3602.00,L2 & L3 N,0) L3 Core 1 Tenant NW Riser DB dub new
NBC Universal - St Giles High Street,18,Feb,1/2/2018 00:00:00,5516.00,L2 & L3 N,0) L3 Core 2 Tenant N Riser BD/TNW2L/L1
NBC Universal - St Giles High Street,18,Feb,1/2/2018 00:00:00,4157.00,L2 & L3 N,0) L3 Core 2 Tenant NW2 Riser BD/P
NBC Universal - St Giles High Street,18,Feb,1/2/2018 00:00:00,4652.00,L2 & L3 N,261) L3 Core 2 Tenant N Riser BD/TNW2L(P)/L3
NBC Universal - St Giles High Street,18,Feb,1/2/2018 00:00:00,3029.00,L2 & L3 N,262) L3 Core 1 Tenant NE Riser BD/TNE1L/L3 new
NBC Universal - St Giles High Street,18,Feb,1/2/2018 00:00:00,3329.00,L2 & L3 N,268) L2 Core 1 Tenant NW Riser BD/TNW1L/L2
NBC Universal - St Giles High Street,18,Feb,1/2/2018 00:00:00,4525.00,L2 & L3 N,271) L2 Core 2 Tenant N Riser BD/TNW2L(P)/L2
NBC Universal - St Giles High Street,18,Feb,1/2/2018 00:00:00,3055.00,L2 & L3 N,272) L2 Core 1 Tenant NE Riser BD/TNE1L/L2
NBC Universal - St Giles High Street,18,Feb,1/2/2018 00:00:00,2474.00,L2 & L3 N,273) L2 Core 1 Tenant SE Riser BD/TSE1L/L2
NBC Universal - St Giles High Street,18,Feb,1/2/2018 00:00:00,2420.00,L2 & L3 N,274) L2 Core 3 Tenant SW Riser BD/TSW2L/L2
NBC Universal - St Giles High Street,18,Feb,1/2/2018 00:00:00,3827.00,L2 & L3 N,77) L2 Core 1 Tenant SW Riser BD/TSW1L/L2
NBC Universal - St Giles High Street,18,Feb,1/2/2018 00:00:00,5306.00,L2 & L3 N,Central (Landlord's) Air Handling kWh
NBC Universal - St Giles High Street,18,Feb,1/2/2018 00:00:00,10263.00,L2 & L3 N,Central (Landlord's) Chillers/Pumps kWh:
NBC Universal - St Giles High Street,18,Feb,1/2/2018 00:00:00,3190.00,L2 & L3 N,Central (Landlord's) Misc Plant/Equipment kWh
NBC Universal - St Giles High Street,18,Feb,1/2/2018 00:00:00,9559.00,L2 & L3 N,Common Area
NBC Universal - St Giles High Street,18,Feb,1/2/2018 00:00:00,1493.00,L2 & L3 N,i) 258) L3 Core 1 Tenant NW Riser BD/TNW1L/L3
NBC Universal - St Giles High Street,18,Feb,1/2/2018 00:00:00,1875.00,Level 10,0) L10 Core 1 Tenant NW Riser BD/TNW1P/L10 & New
NBC Universal - St Giles High Street,18,Feb,1/2/2018 00:00:00,2866.00,Level 10,0) L10 Core 1 Tenant SW Riser BD/TSW1P/L10 & New
NBC Universal - St Giles High Street,18,Feb,1/2/2018 00:00:00,1.00,Level 10,0) L10 Core 2 Comms supply & New
NBC Universal - St Giles High Street,18,Feb,1/2/2018 00:00:00,880.00,Level 10,0) L10 Core 2 Tenant N Riser BD/TNW2P/L10 & New
NBC Universal - St Giles High Street,18,Feb,1/2/2018 00:00:00,1451.00,Level 10,191) L10 Core 1 Tenant NW Riser BD/TNW1L/L10
NBC Universal - St Giles High Street,18,Feb,1/2/2018 00:00:00,1552.00,Level 10,194) L10 Core 2 Tenant N Riser BD/TNW2L/L10
NBC Universal - St Giles High Street,18,Feb,1/2/2018 00:00:00,1388.00,Level 10,195) L10 Core 1 Tenant NE Riser BD/TNE1L/L10
NBC Universal - St Giles High Street,18,Feb,1/2/2018 00:00:00,1316.00,Level 10,196) L10 Core 1 Tenant SE Riser BD/TSE1L/L10
NBC Universal - St Giles High Street,18,Feb,1/2/2018 00:00:00,1242.00,Level 10,199) L10 Core 1 Tenant SW Riser BD/TSW1L/L10
NBC Universal - St Giles High Street,18,Feb,1/2/2018 00:00:00,2079.00,Level 10,Central (Landlord's) Air Handling kWh
NBC Universal - St Giles High Street,18,Feb,1/2/2018 00:00:00,2113.00,Level 10,Central (Landlord's) Chillers/Pumps kWh:
NBC Universal - St Giles High Street,18,Feb,1/2/2018 00:00:00,1326.00,Level 10,Central (Landlord's) Misc Plant/Equipment kWh
NBC Universal - St Giles High Street,18,Feb,1/2/2018 00:00:00,3745.00,Level 10,Common Area
NBC Universal - St Giles High Street,18,Mar,1/3/2018 00:00:00,1496.00,GMez & L1 - NBC CSG,0) GF Core 1 Tenant NE Riser BD/TNEL/1GL
NBC Universal - St Giles High Street,18,Mar,1/3/2018 00:00:00,1594.00,GMez & L1 - NBC CSG,0) L1 Core 1 Tenant NE Riser BD/TNE1P/L1
NBC Universal - St Giles High Street,18,Mar,1/3/2018 00:00:00,4400.00,GMez & L1 - NBC CSG,0) L1 Core 1 Tenant NW Riser BD/TNW1P/L1
NBC Universal - St Giles High Street,18,Mar,1/3/2018 00:00:00,2891.00,GMez & L1 - NBC CSG,0) L1 Core 1 Tenant SE Riser BD/TSE1P/L1
NBC Universal - St Giles High Street,18,Mar,1/3/2018 00:00:00,3185.00,GMez & L1 - NBC CSG,0) L1 Core 1 Tenant SW Riser BD/TSW1P/L1
NBC Universal - St Giles High Street,18,Mar,1/3/2018 00:00:00,3536.00,GMez & L1 - NBC CSG,0) L1 Core 2 Tenant N Riser BD/TNW2L/L1
NBC Universal - St Giles High Street,18,Mar,1/3/2018 00:00:00,3167.00,GMez & L1 - NBC CSG,0) L1 Core 3 Tenant SW Riser BD/TSW2L/L1
NBC Universal - St Giles High Street,18,Mar,1/3/2018 00:00:00,2303.00,GMez & L1 - NBC CSG,131) A17 LV3 Spare DB/B2/IT
NBC Universal - St Giles High Street,18,Mar,1/3/2018 00:00:00,81187.00,GMez & L1 - NBC CSG,142) A6 LV3 NBC MER I/O Panel (Spare)
NBC Universal - St Giles High Street,18,Mar,1/3/2018 00:00:00,2671.00,GMez & L1 - NBC CSG,278) L1 Core 1 Tenant NW Riser BD/TNW1L/L1
NBC Universal - St Giles High Street,18,Mar,1/3/2018 00:00:00,4497.00,GMez & L1 - NBC CSG,281) L1 Core 2 Tenant N Riser BD/TNW2L(P)/L1
NBC Universal - St Giles High Street,18,Mar,1/3/2018 00:00:00,2630.00,GMez & L1 - NBC CSG,282) L1 Core 1 Tenant NE Riser BD/TNE1L/L1
NBC Universal - St Giles High Street,18,Mar,1/3/2018 00:00:00,4512.00,GMez & L1 - NBC CSG,283) L1 Core 1 Tenant SE Riser BD/TSE1L/L1
NBC Universal - St Giles High Street,18,Mar,1/3/2018 00:00:00,1959.00,GMez & L1 - NBC CSG,284) L1 Core 3 Tenant SW Riser BD/TSW2L(P)/L1
NBC Universal - St Giles High Street,18,Mar,1/3/2018 00:00:00,3752.00,GMez & L1 - NBC CSG,287) L1 Core 1 Tenant SW Riser BD/TSW1L/L1
NBC Universal - St Giles High Street,18,Mar,1/3/2018 00:00:00,2453.00,GMez & L1 - NBC CSG,293) GF Core 1 Tenant NE Riser BD/TNEL/1PG__
NBC Universal - St Giles High Street,18,Mar,1/3/2018 00:00:00,1147.00,GMez & L1 - NBC CSG,294) GF Core 1 Tenant SE Riser BD/TSEL/__
NBC Universal - St Giles High Street,18,Mar,1/3/2018 00:00:00,1733.00,GMez & L1 - NBC CSG,Central (Landlord's) Air Handling
NBC Universal - St Giles High Street,18,Mar,1/3/2018 00:00:00,32338.00,GMez & L1 - NBC CSG,Central (Landlord's) Chillers/Pumps
NBC Universal - St Giles High Street,18,Mar,1/3/2018 00:00:00,2518.00,GMez & L1 - NBC CSG,Central (Landlord's) Misc Plant/Equipment
NBC Universal - St Giles High Street,18,Mar,1/3/2018 00:00:00,6816.00,GMez & L1 - NBC CSG,Common Area
NBC Universal - St Giles High Street,18,Mar,1/3/2018 00:00:00,1531.00,L2 & L3 N,0) L2 Core 1 Tenant NE Riser BD/TNE1P/L2
NBC Universal - St Giles High Street,18,Mar,1/3/2018 00:00:00,3323.00,L2 & L3 N,0) L2 Core 1 Tenant NW Riser BD/TNW1P/L2
NBC Universal - St Giles High Street,18,Mar,1/3/2018 00:00:00,2277.00,L2 & L3 N,0) L2 Core 1 Tenant SE Riser BD/TSE1P/L2
NBC Universal - St Giles High Street,18,Mar,1/3/2018 00:00:00,3601.00,L2 & L3 N,0) L2 Core 1 Tenant SW Riser BD/TSW1P/L2
NBC Universal - St Giles High Street,18,Mar,1/3/2018 00:00:00,245.00,L2 & L3 N,0) L2 Core 2 Tenant N Riser BD/TNW2L/L2
NBC Universal - St Giles High Street,18,Mar,1/3/2018 00:00:00,3068.00,L2 & L3 N,0) L2 Core 3 Tenant SW Riser BD/TSW2P/L2
NBC Universal - St Giles High Street,18,Mar,1/3/2018 00:00:00,774.00,L2 & L3 N,0) L3 Core 1 Tenant NE Riser BD/TNE1L/L3
NBC Universal - St Giles High Street,18,Mar,1/3/2018 00:00:00,2513.00,L2 & L3 N,0) L3 Core 1 Tenant NW Riser BD/TNW1P/L3 new
NBC Universal - St Giles High Street,18,Mar,1/3/2018 00:00:00,3447.00,L2 & L3 N,0) L3 Core 1 Tenant NW Riser DB dub new
NBC Universal - St Giles High Street,18,Mar,1/3/2018 00:00:00,5128.00,L2 & L3 N,0) L3 Core 2 Tenant N Riser BD/TNW2L/L1
NBC Universal - St Giles High Street,18,Mar,1/3/2018 00:00:00,4225.00,L2 & L3 N,0) L3 Core 2 Tenant NW2 Riser BD/P
NBC Universal - St Giles High Street,18,Mar,1/3/2018 00:00:00,5147.00,L2 & L3 N,261) L3 Core 2 Tenant N Riser BD/TNW2L(P)/L3
NBC Universal - St Giles High Street,18,Mar,1/3/2018 00:00:00,2249.00,L2 & L3 N,262) L3 Core 1 Tenant NE Riser BD/TNE1L/L3 new
NBC Universal - St Giles High Street,18,Mar,1/3/2018 00:00:00,3133.00,L2 & L3 N,268) L2 Core 1 Tenant NW Riser BD/TNW1L/L2
NBC Universal - St Giles High Street,18,Mar,1/3/2018 00:00:00,4284.00,L2 & L3 N,271) L2 Core 2 Tenant N Riser BD/TNW2L(P)/L2
NBC Universal - St Giles High Street,18,Mar,1/3/2018 00:00:00,2043.00,L2 & L3 N,272) L2 Core 1 Tenant NE Riser BD/TNE1L/L2
NBC Universal - St Giles High Street,18,Mar,1/3/2018 00:00:00,2307.00,L2 & L3 N,273) L2 Core 1 Tenant SE Riser BD/TSE1L/L2
NBC Universal - St Giles High Street,18,Mar,1/3/2018 00:00:00,2290.00,L2 & L3 N,274) L2 Core 3 Tenant SW Riser BD/TSW2L/L2
NBC Universal - St Giles High Street,18,Mar,1/3/2018 00:00:00,3873.00,L2 & L3 N,77) L2 Core 1 Tenant SW Riser BD/TSW1L/L2
NBC Universal - St Giles High Street,18,Mar,1/3/2018 00:00:00,2434.00,L2 & L3 N,Central (Landlord's) Air Handling kWh
NBC Universal - St Giles High Street,18,Mar,1/3/2018 00:00:00,14441.00,L2 & L3 N,Central (Landlord's) Chillers/Pumps kWh:
NBC Universal - St Giles High Street,18,Mar,1/3/2018 00:00:00,3727.00,L2 & L3 N,Central (Landlord's) Misc Plant/Equipment kWh
NBC Universal - St Giles High Street,18,Mar,1/3/2018 00:00:00,9571.00,L2 & L3 N,Common Area
NBC Universal - St Giles High Street,18,Mar,1/3/2018 00:00:00,1423.00,L2 & L3 N,i) 258) L3 Core 1 Tenant NW Riser BD/TNW1L/L3
NBC Universal - St Giles High Street,18,Mar,1/3/2018 00:00:00,1649.00,Level 10,0) L10 Core 1 Tenant NW Riser BD/TNW1P/L10 & New
NBC Universal - St Giles High Street,18,Mar,1/3/2018 00:00:00,3037.00,Level 10,0) L10 Core 1 Tenant SW Riser BD/TSW1P/L10 & New
NBC Universal - St Giles High Street,18,Mar,1/3/2018 00:00:00,1.00,Level 10,0) L10 Core 2 Comms supply & New
NBC Universal - St Giles High Street,18,Mar,1/3/2018 00:00:00,986.00,Level 10,0) L10 Core 2 Tenant N Riser BD/TNW2P/L10 & New
NBC Universal - St Giles High Street,18,Mar,1/3/2018 00:00:00,1325.00,Level 10,191) L10 Core 1 Tenant NW Riser BD/TNW1L/L10
NBC Universal - St Giles High Street,18,Mar,1/3/2018 00:00:00,2089.00,Level 10,194) L10 Core 2 Tenant N Riser BD/TNW2L/L10
NBC Universal - St Giles High Street,18,Mar,1/3/2018 00:00:00,954.00,Level 10,195) L10 Core 1 Tenant NE Riser BD/TNE1L/L10
NBC Universal - St Giles High Street,18,Mar,1/3/2018 00:00:00,1206.00,Level 10,196) L10 Core 1 Tenant SE Riser BD/TSE1L/L10
NBC Universal - St Giles High Street,18,Mar,1/3/2018 00:00:00,1109.00,Level 10,199) L10 Core 1 Tenant SW Riser BD/TSW1L/L10
NBC Universal - St Giles High Street,18,Mar,1/3/2018 00:00:00,954.00,Level 10,Central (Landlord's) Air Handling kWh
NBC Universal - St Giles High Street,18,Mar,1/3/2018 00:00:00,3137.00,Level 10,Central (Landlord's) Chillers/Pumps kWh:
NBC Universal - St Giles High Street,18,Mar,1/3/2018 00:00:00,1545.00,Level 10,Central (Landlord's) Misc Plant/Equipment kWh
NBC Universal - St Giles High Street,18,Mar,1/3/2018 00:00:00,3750.00,Level 10,Common Area
