Site,Level,Meter,DateDay,kWh
7,Building,S23553105,1/10/2012 00:00:00,6706
7,Building,S23553105,1/11/2012 00:00:00,7075
7,Building,S23553105,1/12/2012 00:00:00,6306
7,Building,S23553105,1/1/2013 00:00:00,7094
7,Building,S23553105,1/2/2013 00:00:00,7155
7,Building,S23553105,1/3/2013 00:00:00,6385
7,Building,S23553105,1/4/2013 00:00:00,6808
7,Building,S23553105,1/5/2013 00:00:00,7035
7,Building,S23553105,1/6/2013 00:00:00,6664
7,Building,S23553105,1/7/2013 00:00:00,9536
7,Building,S23553105,1/8/2013 00:00:00,5960
7,Building,S23553105,1/9/2013 00:00:00,4781
7,Building,S23553105,1/10/2013 00:00:00,8202
7,Building,S23553105,1/11/2013 00:00:00,7020
7,Building,S23553105,1/12/2013 00:00:00,7656
7,Building,S23553105,1/1/2014 00:00:00,7120
7,Building,S23553105,1/2/2014 00:00:00,0
7,Building,S23553105,1/3/2014 00:00:00,6739
7,Building,S23553105,1/4/2014 00:00:00,7717
7,Building,S23553105,1/5/2014 00:00:00,7974
7,Building,S23553105,1/6/2014 00:00:00,5106
7,Building,S23553105,1/7/2014 00:00:00,7249
7,Building,S23553105,1/8/2014 00:00:00,7249
7,Building,S23553105,1/9/2014 00:00:00,9997
7,Building,S23553105,1/10/2014 00:00:00,7897
7,Building,S23553105,1/11/2014 00:00:00,7642
7,Building,S23553105,1/12/2014 00:00:00,7897
7,Building,S23553105,1/1/2015 00:00:00,7897
7,Building,S23553105,1/2/2015 00:00:00,7133
7,Building,S23553105,1/3/2015 00:00:00,7897
7,Building,S23553105,1/4/2015 00:00:00,0
7,Building,S23553105,1/5/2015 00:00:00,7897
7,Building,S23553105,1/6/2015 00:00:00,7642
7,Building,S23553105,1/7/2015 00:00:00,8828
7,Building,S23553105,1/8/2015 00:00:00,8828
7,Building,S23553105,1/9/2015 00:00:00,8543
7,Building,S23553105,1/10/2015 00:00:00,8828
7,Building,S23553105,1/11/2015 00:00:00,9543
7,Building,S23553105,1/12/2015 00:00:00,17994
7,Building,S23553105,1/1/2016 00:00:00,8425
7,Building,S23553105,1/2/2016 00:00:00,7881
12,Studio 5.03,E14D00493,1/1/2017 00:00:00,4698
7,Building,S23553105,1/1/2017 00:00:00,8288
12,Studio 5.02,E14D00499,1/1/2017 00:00:00,4325
12,Studio 5.03,E14D00493,1/2/2017 00:00:00,4472
12,Studio 5.02,E14D00499,1/2/2017 00:00:00,3341
7,Building,S23553105,1/2/2017 00:00:00,11178
12,Studio 5.02,E14D00499,1/3/2017 00:00:00,2699
7,Building,S23553105,1/3/2017 00:00:00,8223
12,Studio 5.03,E14D00493,1/3/2017 00:00:00,4930
1,GMez & L1 - NBC CSG,0) L1 Core 1 Tenant SE Riser BD/TSE1P/L1,1/4/2017 00:00:00,4101
1,GMez & L1 - NBC CSG,281) L1 Core 2 Tenant N Riser BD/TNW2L(P)/L1,1/4/2017 00:00:00,4054
1,L2 & L3 N,261) L3 Core 2 Tenant N Riser BD/TNW2L(P)/L3,1/4/2017 00:00:00,3830
1,GMez & L1 - NBC CSG,282) L1 Core 1 Tenant NE Riser BD/TNE1L/L1,1/4/2017 00:00:00,2564
1,GMez & L1 - NBC CSG,0) L1 Core 1 Tenant NE Riser BD/TNE1P/L1,1/4/2017 00:00:00,2026
1,GMez & L1 - NBC CSG,287) L1 Core 1 Tenant SW Riser BD/TSW1L/L1,1/4/2017 00:00:00,3444
1,L2 & L3 N,Central (Landlord's) Misc Plant/Equipment kWh,1/4/2017 00:00:00,3007
1,GMez & L1 - NBC CSG,283) L1 Core 1 Tenant SE Riser BD/TSE1L/L1,1/4/2017 00:00:00,2494
1,L2 & L3 N,Central (Landlord's) Air Handling kWh,1/4/2017 00:00:00,2630
1,GMez & L1 - NBC CSG,284) L1 Core 3 Tenant SW Riser BD/TSW2L(P)/L1,1/4/2017 00:00:00,1996
1,GMez & L1 - NBC CSG,142) A6 LV3 NBC MER I/O Panel (Spare),1/4/2017 00:00:00,74662
1,GMez & L1 - NBC CSG,0) L1 Core 3 Tenant SW Riser BD/TSW2L/L1,1/4/2017 00:00:00,3334
1,GMez & L1 - NBC CSG,278) L1 Core 1 Tenant NW Riser BD/TNW1L/L1,1/4/2017 00:00:00,2572
1,GMez & L1 - NBC CSG,294) GF Core 1 Tenant SE Riser BD/TSEL/__,1/4/2017 00:00:00,756
1,GMez & L1 - NBC CSG,0) L1 Core 1 Tenant SW Riser BD/TSW1P/L1,1/4/2017 00:00:00,3156
1,GMez & L1 - NBC CSG,293) GF Core 1 Tenant NE Riser BD/TNEL/1PG__,1/4/2017 00:00:00,3017
1,GMez & L1 - NBC CSG,0) L1 Core 2 Tenant N Riser BD/TNW2L/L1,1/4/2017 00:00:00,3180
1,GMez & L1 - NBC CSG,131) A17 LV3 Spare DB/B2/IT,1/4/2017 00:00:00,1555
1,GMez & L1 - NBC CSG,Central (Landlord's) Misc Plant/Equipment,1/4/2017 00:00:00,2035
12,Studio 5.03,E14D00493,1/4/2017 00:00:00,4634
12,Studio 5.02,E14D00499,1/4/2017 00:00:00,1848
1,GMez & L1 - NBC CSG,Central (Landlord's) Air Handling,1/4/2017 00:00:00,1873
7,Building,S23553105,1/4/2017 00:00:00,7409
1,GMez & L1 - NBC CSG,Common Area,1/4/2017 00:00:00,8974
1,GMez & L1 - NBC CSG,Central (Landlord's) Chillers/Pumps,1/4/2017 00:00:00,26686
1,GMez & L1 - NBC CSG,0) GF Core 1 Tenant NE Riser BD/TNEL/1GL,1/4/2017 00:00:00,1818
1,L2 & L3 N,272) L2 Core 1 Tenant NE Riser BD/TNE1L/L2,1/4/2017 00:00:00,2600
1,Level 10,Central (Landlord's) Chillers/Pumps kWh:,1/4/2017 00:00:00,3489
1,Level 10,Common Area,1/4/2017 00:00:00,4937
1,L2 & L3 N,0) L2 Core 1 Tenant SW Riser BD/TSW1P/L2,1/4/2017 00:00:00,3835
1,L2 & L3 N,77) L2 Core 1 Tenant SW Riser BD/TSW1L/L2,1/4/2017 00:00:00,8018
1,L2 & L3 N,0) L2 Core 3 Tenant SW Riser BD/TSW2P/L2,1/4/2017 00:00:00,3347
1,L2 & L3 N,274) L2 Core 3 Tenant SW Riser BD/TSW2L/L2,1/4/2017 00:00:00,2549
1,L2 & L3 N,0) L2 Core 1 Tenant SE Riser BD/TSE1P/L2,1/4/2017 00:00:00,2126
1,Level 10,Central (Landlord's) Air Handling kWh,1/4/2017 00:00:00,1031
1,L2 & L3 N,Common Area,1/4/2017 00:00:00,12600
1,L2 & L3 N,0) L2 Core 1 Tenant NE Riser BD/TNE1P/L2,1/4/2017 00:00:00,1941
1,GMez & L1 - NBC CSG,0) L1 Core 1 Tenant NW Riser BD/TNW1P/L1,1/4/2017 00:00:00,4812
1,L2 & L3 N,0) L2 Core 2 Tenant N Riser BD/TNW2L/L2,1/4/2017 00:00:00,267
1,L2 & L3 N,271) L2 Core 2 Tenant N Riser BD/TNW2L(P)/L2,1/4/2017 00:00:00,4483
1,L2 & L3 N,0) L2 Core 1 Tenant NW Riser BD/TNW1P/L2,1/4/2017 00:00:00,3748
1,L2 & L3 N,268) L2 Core 1 Tenant NW Riser BD/TNW1L/L2,1/4/2017 00:00:00,2989
1,L2 & L3 N,262) L3 Core 1 Tenant NE Riser BD/TNE1L/L3 "new",1/4/2017 00:00:00,0
1,L2 & L3 N,0) L3 Core 1 Tenant NE Riser BD/TNE1L/L3,1/4/2017 00:00:00,860
1,L2 & L3 N,273) L2 Core 1 Tenant SE Riser BD/TSE1L/L2,1/4/2017 00:00:00,2166
1,L2 & L3 N,0) L3 Core 2 Tenant NW2 Riser BD/P,1/4/2017 00:00:00,2927
1,L2 & L3 N,i) 258) L3 Core 1 Tenant NW Riser BD/TNW1L/L3,1/4/2017 00:00:00,1447
1,Level 10,Central (Landlord's) Misc Plant/Equipment kWh,1/4/2017 00:00:00,1259
1,L2 & L3 N,0) L3 Core 1 Tenant NW Riser DB dub new,1/4/2017 00:00:00,3409
1,L2 & L3 N,0) L3 Core 1 Tenant NW Riser BD/TNW1P/L3 new,1/4/2017 00:00:00,2528
1,L2 & L3 N,Central (Landlord's) Chillers/Pumps kWh:,1/4/2017 00:00:00,12855
1,L2 & L3 N,0) L3 Core 2 Tenant N Riser BD/TNW2L/L1,1/4/2017 00:00:00,4514
1,Level 10,0) L10 Core 1 Tenant SW Riser BD/TSW1P/L10 & New,1/4/2017 00:00:00,0
1,Level 10,199) L10 Core 1 Tenant SW Riser BD/TSW1L/L10,1/4/2017 00:00:00,1021
1,Level 10,195) L10 Core 1 Tenant NE Riser BD/TNE1L/L10,1/4/2017 00:00:00,1035
1,Level 10,191) L10 Core 1 Tenant NW Riser BD/TNW1L/L10,1/4/2017 00:00:00,1177
1,Level 10,0) L10 Core 2 Tenant N Riser BD/TNW2P/L10 & New,1/4/2017 00:00:00,1071
1,Level 10,0) L10 Core 2 Comms supply & New,1/4/2017 00:00:00,9162
1,Level 10,194) L10 Core 2 Tenant N Riser BD/TNW2L/L10,1/4/2017 00:00:00,0
1,Level 10,0) L10 Core 1 Tenant NW Riser BD/TNW1P/L10 & New,1/4/2017 00:00:00,1222
1,Level 10,196) L10 Core 1 Tenant SE Riser BD/TSE1L/L10,1/4/2017 00:00:00,940
1,L2 & L3 N,0) L3 Core 1 Tenant NW Riser DB dub new,1/5/2017 00:00:00,3959
1,L2 & L3 N,268) L2 Core 1 Tenant NW Riser BD/TNW1L/L2,1/5/2017 00:00:00,3415
1,L2 & L3 N,262) L3 Core 1 Tenant NE Riser BD/TNE1L/L3 "new",1/5/2017 00:00:00,8070
1,L2 & L3 N,0) L3 Core 1 Tenant NE Riser BD/TNE1L/L3,1/5/2017 00:00:00,1021
1,L2 & L3 N,261) L3 Core 2 Tenant N Riser BD/TNW2L(P)/L3,1/5/2017 00:00:00,4637
1,L2 & L3 N,0) L3 Core 2 Tenant NW2 Riser BD/P,1/5/2017 00:00:00,3247
1,L2 & L3 N,0) L3 Core 2 Tenant N Riser BD/TNW2L/L1,1/5/2017 00:00:00,4969
1,L2 & L3 N,i) 258) L3 Core 1 Tenant NW Riser BD/TNW1L/L3,1/5/2017 00:00:00,1570
1,L2 & L3 N,0) L3 Core 1 Tenant NW Riser BD/TNW1P/L3 new,1/5/2017 00:00:00,2862
1,L2 & L3 N,77) L2 Core 1 Tenant SW Riser BD/TSW1L/L2,1/5/2017 00:00:00,0
1,L2 & L3 N,Central (Landlord's) Misc Plant/Equipment kWh,1/5/2017 00:00:00,3456
1,L2 & L3 N,Central (Landlord's) Air Handling kWh,1/5/2017 00:00:00,2565
1,L2 & L3 N,Central (Landlord's) Chillers/Pumps kWh:,1/5/2017 00:00:00,15921
1,L2 & L3 N,0) L2 Core 1 Tenant NW Riser BD/TNW1P/L2,1/5/2017 00:00:00,2685
1,L2 & L3 N,271) L2 Core 2 Tenant N Riser BD/TNW2L(P)/L2,1/5/2017 00:00:00,4529
1,L2 & L3 N,0) L2 Core 2 Tenant N Riser BD/TNW2L/L2,1/5/2017 00:00:00,280
1,L2 & L3 N,272) L2 Core 1 Tenant NE Riser BD/TNE1L/L2,1/5/2017 00:00:00,2820
1,L2 & L3 N,0) L2 Core 1 Tenant NE Riser BD/TNE1P/L2,1/5/2017 00:00:00,2067
1,Level 10,0) L10 Core 1 Tenant SW Riser BD/TSW1P/L10 & New,1/5/2017 00:00:00,0
1,L2 & L3 N,274) L2 Core 3 Tenant SW Riser BD/TSW2L/L2,1/5/2017 00:00:00,2791
1,L2 & L3 N,0) L2 Core 1 Tenant SW Riser BD/TSW1P/L2,1/5/2017 00:00:00,4643
7,Building,S23553105,1/5/2017 00:00:00,7563
1,L2 & L3 N,Common Area,1/5/2017 00:00:00,6265
1,L2 & L3 N,0) L2 Core 1 Tenant SE Riser BD/TSE1P/L2,1/5/2017 00:00:00,2209
12,Studio 5.02,E14D00499,1/5/2017 00:00:00,2457
12,Studio 5.03,E14D00493,1/5/2017 00:00:00,4914
1,L2 & L3 N,273) L2 Core 1 Tenant SE Riser BD/TSE1L/L2,1/5/2017 00:00:00,2373
1,GMez & L1 - NBC CSG,282) L1 Core 1 Tenant NE Riser BD/TNE1L/L1,1/5/2017 00:00:00,2781
1,GMez & L1 - NBC CSG,142) A6 LV3 NBC MER I/O Panel (Spare),1/5/2017 00:00:00,87585
1,GMez & L1 - NBC CSG,293) GF Core 1 Tenant NE Riser BD/TNEL/1PG__,1/5/2017 00:00:00,2506
1,GMez & L1 - NBC CSG,0) GF Core 1 Tenant NE Riser BD/TNEL/1GL,1/5/2017 00:00:00,1958
1,GMez & L1 - NBC CSG,294) GF Core 1 Tenant SE Riser BD/TSEL/__,1/5/2017 00:00:00,822
1,L2 & L3 N,0) L2 Core 3 Tenant SW Riser BD/TSW2P/L2,1/5/2017 00:00:00,3698
1,GMez & L1 - NBC CSG,0) L1 Core 1 Tenant SW Riser BD/TSW1P/L1,1/5/2017 00:00:00,3695
1,GMez & L1 - NBC CSG,0) L1 Core 2 Tenant N Riser BD/TNW2L/L1,1/5/2017 00:00:00,3240
1,GMez & L1 - NBC CSG,Central (Landlord's) Air Handling,1/5/2017 00:00:00,1827
1,GMez & L1 - NBC CSG,0) L1 Core 1 Tenant NE Riser BD/TNE1P/L1,1/5/2017 00:00:00,2073
1,GMez & L1 - NBC CSG,283) L1 Core 1 Tenant SE Riser BD/TSE1L/L1,1/5/2017 00:00:00,2269
1,GMez & L1 - NBC CSG,0) L1 Core 1 Tenant SE Riser BD/TSE1P/L1,1/5/2017 00:00:00,2492
1,GMez & L1 - NBC CSG,284) L1 Core 3 Tenant SW Riser BD/TSW2L(P)/L1,1/5/2017 00:00:00,2114
1,GMez & L1 - NBC CSG,0) L1 Core 3 Tenant SW Riser BD/TSW2L/L1,1/5/2017 00:00:00,3581
1,GMez & L1 - NBC CSG,287) L1 Core 1 Tenant SW Riser BD/TSW1L/L1,1/5/2017 00:00:00,0
1,GMez & L1 - NBC CSG,0) L1 Core 1 Tenant NW Riser BD/TNW1P/L1,1/5/2017 00:00:00,5833
1,Level 10,Central (Landlord's) Misc Plant/Equipment kWh,1/5/2017 00:00:00,1439
1,Level 10,199) L10 Core 1 Tenant SW Riser BD/TSW1L/L10,1/5/2017 00:00:00,1618
1,Level 10,196) L10 Core 1 Tenant SE Riser BD/TSE1L/L10,1/5/2017 00:00:00,1359
1,Level 10,195) L10 Core 1 Tenant NE Riser BD/TNE1L/L10,1/5/2017 00:00:00,1458
1,Level 10,0) L10 Core 2 Tenant N Riser BD/TNW2P/L10 & New,1/5/2017 00:00:00,1617
1,Level 10,0) L10 Core 2 Comms supply & New,1/5/2017 00:00:00,7741
1,Level 10,194) L10 Core 2 Tenant N Riser BD/TNW2L/L10,1/5/2017 00:00:00,3349
1,GMez & L1 - NBC CSG,131) A17 LV3 Spare DB/B2/IT,1/5/2017 00:00:00,1865
1,Level 10,191) L10 Core 1 Tenant NW Riser BD/TNW1L/L10,1/5/2017 00:00:00,1770
1,GMez & L1 - NBC CSG,Central (Landlord's) Misc Plant/Equipment,1/5/2017 00:00:00,2336
1,Level 10,Central (Landlord's) Air Handling kWh,1/5/2017 00:00:00,1005
1,Level 10,Central (Landlord's) Chillers/Pumps kWh:,1/5/2017 00:00:00,5414
1,Level 10,Common Area,1/5/2017 00:00:00,2455
1,GMez & L1 - NBC CSG,Common Area,1/5/2017 00:00:00,4462
1,GMez & L1 - NBC CSG,Central (Landlord's) Chillers/Pumps,1/5/2017 00:00:00,33429
1,GMez & L1 - NBC CSG,281) L1 Core 2 Tenant N Riser BD/TNW2L(P)/L1,1/5/2017 00:00:00,4152
1,Level 10,0) L10 Core 1 Tenant NW Riser BD/TNW1P/L10 & New,1/5/2017 00:00:00,2119
1,GMez & L1 - NBC CSG,278) L1 Core 1 Tenant NW Riser BD/TNW1L/L1,1/5/2017 00:00:00,2889
1,GMez & L1 - NBC CSG,282) L1 Core 1 Tenant NE Riser BD/TNE1L/L1,1/6/2017 00:00:00,3369
1,Level 10,0) L10 Core 1 Tenant SW Riser BD/TSW1P/L10 & New,1/6/2017 00:00:00,0
1,GMez & L1 - NBC CSG,293) GF Core 1 Tenant NE Riser BD/TNEL/1PG__,1/6/2017 00:00:00,2786
1,GMez & L1 - NBC CSG,0) GF Core 1 Tenant NE Riser BD/TNEL/1GL,1/6/2017 00:00:00,2296
1,GMez & L1 - NBC CSG,294) GF Core 1 Tenant SE Riser BD/TSEL/__,1/6/2017 00:00:00,863
1,GMez & L1 - NBC CSG,278) L1 Core 1 Tenant NW Riser BD/TNW1L/L1,1/6/2017 00:00:00,3017
1,GMez & L1 - NBC CSG,0) L1 Core 1 Tenant NW Riser BD/TNW1P/L1,1/6/2017 00:00:00,5878
1,GMez & L1 - NBC CSG,131) A17 LV3 Spare DB/B2/IT,1/6/2017 00:00:00,1864
1,GMez & L1 - NBC CSG,0) L1 Core 2 Tenant N Riser BD/TNW2L/L1,1/6/2017 00:00:00,3725
1,GMez & L1 - NBC CSG,Central (Landlord's) Misc Plant/Equipment,1/6/2017 00:00:00,2343
1,GMez & L1 - NBC CSG,0) L1 Core 1 Tenant NE Riser BD/TNE1P/L1,1/6/2017 00:00:00,3089
1,GMez & L1 - NBC CSG,0) L1 Core 1 Tenant SE Riser BD/TSE1P/L1,1/6/2017 00:00:00,2894
1,GMez & L1 - NBC CSG,0) L1 Core 3 Tenant SW Riser BD/TSW2L/L1,1/6/2017 00:00:00,3560
1,GMez & L1 - NBC CSG,287) L1 Core 1 Tenant SW Riser BD/TSW1L/L1,1/6/2017 00:00:00,6818
1,GMez & L1 - NBC CSG,0) L1 Core 1 Tenant SW Riser BD/TSW1P/L1,1/6/2017 00:00:00,2975
1,Level 10,199) L10 Core 1 Tenant SW Riser BD/TSW1L/L10,1/6/2017 00:00:00,1156
1,GMez & L1 - NBC CSG,281) L1 Core 2 Tenant N Riser BD/TNW2L(P)/L1,1/6/2017 00:00:00,4592
1,Level 10,194) L10 Core 2 Tenant N Riser BD/TNW2L/L10,1/6/2017 00:00:00,1959
12,Studio 5.03,E14D00493,1/6/2017 00:00:00,4468
12,Studio 5.02,E14D00499,1/6/2017 00:00:00,2366
1,Level 10,Common Area,1/6/2017 00:00:00,3213
1,Level 10,Central (Landlord's) Chillers/Pumps kWh:,1/6/2017 00:00:00,6258
1,Level 10,Central (Landlord's) Air Handling kWh,1/6/2017 00:00:00,1667
1,Level 10,Central (Landlord's) Misc Plant/Equipment kWh,1/6/2017 00:00:00,1438
1,GMez & L1 - NBC CSG,142) A6 LV3 NBC MER I/O Panel (Spare),1/6/2017 00:00:00,89106
1,Level 10,0) L10 Core 1 Tenant NW Riser BD/TNW1P/L10 & New,1/6/2017 00:00:00,1977
1,GMez & L1 - NBC CSG,284) L1 Core 3 Tenant SW Riser BD/TSW2L(P)/L1,1/6/2017 00:00:00,2315
1,Level 10,0) L10 Core 2 Comms supply & New,1/6/2017 00:00:00,8024
1,Level 10,0) L10 Core 2 Tenant N Riser BD/TNW2P/L10 & New,1/6/2017 00:00:00,1050
1,Level 10,195) L10 Core 1 Tenant NE Riser BD/TNE1L/L10,1/6/2017 00:00:00,1544
1,Level 10,196) L10 Core 1 Tenant SE Riser BD/TSE1L/L10,1/6/2017 00:00:00,1544
1,GMez & L1 - NBC CSG,Common Area,1/6/2017 00:00:00,5839
1,GMez & L1 - NBC CSG,Central (Landlord's) Chillers/Pumps,1/6/2017 00:00:00,47035
1,GMez & L1 - NBC CSG,Central (Landlord's) Air Handling,1/6/2017 00:00:00,3031
1,Level 10,191) L10 Core 1 Tenant NW Riser BD/TNW1L/L10,1/6/2017 00:00:00,1636
7,Building,S23553105,1/6/2017 00:00:00,7603
1,L2 & L3 N,271) L2 Core 2 Tenant N Riser BD/TNW2L(P)/L2,1/6/2017 00:00:00,5013
1,L2 & L3 N,0) L2 Core 1 Tenant NW Riser BD/TNW1P/L2,1/6/2017 00:00:00,3573
1,L2 & L3 N,268) L2 Core 1 Tenant NW Riser BD/TNW1L/L2,1/6/2017 00:00:00,3495
1,L2 & L3 N,262) L3 Core 1 Tenant NE Riser BD/TNE1L/L3 "new",1/6/2017 00:00:00,2886
1,L2 & L3 N,0) L3 Core 1 Tenant NE Riser BD/TNE1L/L3,1/6/2017 00:00:00,880
1,L2 & L3 N,261) L3 Core 2 Tenant N Riser BD/TNW2L(P)/L3,1/6/2017 00:00:00,5192
1,L2 & L3 N,0) L2 Core 2 Tenant N Riser BD/TNW2L/L2,1/6/2017 00:00:00,281
1,L2 & L3 N,0) L3 Core 2 Tenant N Riser BD/TNW2L/L1,1/6/2017 00:00:00,5423
1,L2 & L3 N,0) L3 Core 1 Tenant NW Riser BD/TNW1P/L3 new,1/6/2017 00:00:00,2836
1,L2 & L3 N,0) L3 Core 1 Tenant NW Riser DB dub new,1/6/2017 00:00:00,3858
1,GMez & L1 - NBC CSG,283) L1 Core 1 Tenant SE Riser BD/TSE1L/L1,1/6/2017 00:00:00,2832
1,L2 & L3 N,Central (Landlord's) Misc Plant/Equipment kWh,1/6/2017 00:00:00,3463
1,L2 & L3 N,Central (Landlord's) Air Handling kWh,1/6/2017 00:00:00,4256
1,L2 & L3 N,Central (Landlord's) Chillers/Pumps kWh:,1/6/2017 00:00:00,20870
1,L2 & L3 N,Common Area,1/6/2017 00:00:00,8199
1,L2 & L3 N,0) L3 Core 2 Tenant NW2 Riser BD/P,1/6/2017 00:00:00,3997
1,L2 & L3 N,0) L2 Core 1 Tenant NE Riser BD/TNE1P/L2,1/6/2017 00:00:00,2172
1,L2 & L3 N,273) L2 Core 1 Tenant SE Riser BD/TSE1L/L2,1/6/2017 00:00:00,2739
1,L2 & L3 N,0) L2 Core 1 Tenant SE Riser BD/TSE1P/L2,1/6/2017 00:00:00,2468
1,L2 & L3 N,274) L2 Core 3 Tenant SW Riser BD/TSW2L/L2,1/6/2017 00:00:00,2834
1,L2 & L3 N,0) L2 Core 3 Tenant SW Riser BD/TSW2P/L2,1/6/2017 00:00:00,3577
1,L2 & L3 N,77) L2 Core 1 Tenant SW Riser BD/TSW1L/L2,1/6/2017 00:00:00,3160
1,L2 & L3 N,0) L2 Core 1 Tenant SW Riser BD/TSW1P/L2,1/6/2017 00:00:00,3739
1,L2 & L3 N,i) 258) L3 Core 1 Tenant NW Riser BD/TNW1L/L3,1/6/2017 00:00:00,1568
1,L2 & L3 N,272) L2 Core 1 Tenant NE Riser BD/TNE1L/L2,1/6/2017 00:00:00,3311
12,Studio 5.03,E14D00493,1/7/2017 00:00:00,4578
1,L2 & L3 N,0) L2 Core 3 Tenant SW Riser BD/TSW2P/L2,1/7/2017 00:00:00,3220
1,L2 & L3 N,274) L2 Core 3 Tenant SW Riser BD/TSW2L/L2,1/7/2017 00:00:00,2614
1,L2 & L3 N,0) L2 Core 1 Tenant SE Riser BD/TSE1P/L2,1/7/2017 00:00:00,1978
1,L2 & L3 N,273) L2 Core 1 Tenant SE Riser BD/TSE1L/L2,1/7/2017 00:00:00,2340
1,L2 & L3 N,0) L2 Core 1 Tenant NE Riser BD/TNE1P/L2,1/7/2017 00:00:00,2015
1,L2 & L3 N,272) L2 Core 1 Tenant NE Riser BD/TNE1L/L2,1/7/2017 00:00:00,2983
1,L2 & L3 N,0) L2 Core 2 Tenant N Riser BD/TNW2L/L2,1/7/2017 00:00:00,270
1,L2 & L3 N,77) L2 Core 1 Tenant SW Riser BD/TSW1L/L2,1/7/2017 00:00:00,3840
1,Level 10,0) L10 Core 1 Tenant SW Riser BD/TSW1P/L10 & New,1/7/2017 00:00:00,2366
1,Level 10,0) L10 Core 2 Tenant N Riser BD/TNW2P/L10 & New,1/7/2017 00:00:00,1012
1,L2 & L3 N,0) L2 Core 1 Tenant NW Riser BD/TNW1P/L2,1/7/2017 00:00:00,3533
1,L2 & L3 N,268) L2 Core 1 Tenant NW Riser BD/TNW1L/L2,1/7/2017 00:00:00,3365
1,L2 & L3 N,271) L2 Core 2 Tenant N Riser BD/TNW2L(P)/L2,1/7/2017 00:00:00,4731
1,L2 & L3 N,0) L2 Core 1 Tenant SW Riser BD/TSW1P/L2,1/7/2017 00:00:00,4217
12,Studio 5.02,E14D00499,1/7/2017 00:00:00,1664
1,Level 10,199) L10 Core 1 Tenant SW Riser BD/TSW1L/L10,1/7/2017 00:00:00,1226
1,Level 10,195) L10 Core 1 Tenant NE Riser BD/TNE1L/L10,1/7/2017 00:00:00,1292
1,Level 10,0) L10 Core 2 Comms supply & New,1/7/2017 00:00:00,843
1,Level 10,Central (Landlord's) Chillers/Pumps kWh:,1/7/2017 00:00:00,4781
1,Level 10,Common Area,1/7/2017 00:00:00,3384
1,Level 10,Central (Landlord's) Air Handling kWh,1/7/2017 00:00:00,1215
1,Level 10,Central (Landlord's) Misc Plant/Equipment kWh,1/7/2017 00:00:00,1425
1,Level 10,191) L10 Core 1 Tenant NW Riser BD/TNW1L/L10,1/7/2017 00:00:00,1508
1,Level 10,0) L10 Core 1 Tenant NW Riser BD/TNW1P/L10 & New,1/7/2017 00:00:00,1827
1,Level 10,194) L10 Core 2 Tenant N Riser BD/TNW2L/L10,1/7/2017 00:00:00,1824
1,L2 & L3 N,0) L3 Core 2 Tenant NW2 Riser BD/P,1/7/2017 00:00:00,3906
1,Level 10,196) L10 Core 1 Tenant SE Riser BD/TSE1L/L10,1/7/2017 00:00:00,1260
1,GMez & L1 - NBC CSG,278) L1 Core 1 Tenant NW Riser BD/TNW1L/L1,1/7/2017 00:00:00,686
1,GMez & L1 - NBC CSG,0) L1 Core 3 Tenant SW Riser BD/TSW2L/L1,1/7/2017 00:00:00,3238
1,GMez & L1 - NBC CSG,131) A17 LV3 Spare DB/B2/IT,1/7/2017 00:00:00,1850
1,L2 & L3 N,Common Area,1/7/2017 00:00:00,8637
1,L2 & L3 N,Central (Landlord's) Chillers/Pumps kWh:,1/7/2017 00:00:00,22624
1,L2 & L3 N,Central (Landlord's) Air Handling kWh,1/7/2017 00:00:00,3100
1,L2 & L3 N,Central (Landlord's) Misc Plant/Equipment kWh,1/7/2017 00:00:00,3421
7,Building,S23553105,1/7/2017 00:00:00,7482
1,GMez & L1 - NBC CSG,Central (Landlord's) Misc Plant/Equipment,1/7/2017 00:00:00,2310
1,GMez & L1 - NBC CSG,Central (Landlord's) Air Handling,1/7/2017 00:00:00,2208
1,GMez & L1 - NBC CSG,142) A6 LV3 NBC MER I/O Panel (Spare),1/7/2017 00:00:00,81539
1,GMez & L1 - NBC CSG,Common Area,1/7/2017 00:00:00,6151
1,GMez & L1 - NBC CSG,293) GF Core 1 Tenant NE Riser BD/TNEL/1PG__,1/7/2017 00:00:00,3616
1,GMez & L1 - NBC CSG,0) L1 Core 1 Tenant NW Riser BD/TNW1P/L1,1/7/2017 00:00:00,5790
1,GMez & L1 - NBC CSG,281) L1 Core 2 Tenant N Riser BD/TNW2L(P)/L1,1/7/2017 00:00:00,4676
1,GMez & L1 - NBC CSG,0) L1 Core 2 Tenant N Riser BD/TNW2L/L1,1/7/2017 00:00:00,3801
1,GMez & L1 - NBC CSG,282) L1 Core 1 Tenant NE Riser BD/TNE1L/L1,1/7/2017 00:00:00,2997
1,GMez & L1 - NBC CSG,0) L1 Core 1 Tenant NE Riser BD/TNE1P/L1,1/7/2017 00:00:00,1762
1,L2 & L3 N,262) L3 Core 1 Tenant NE Riser BD/TNE1L/L3 "new",1/7/2017 00:00:00,3039
1,GMez & L1 - NBC CSG,283) L1 Core 1 Tenant SE Riser BD/TSE1L/L1,1/7/2017 00:00:00,2441
1,L2 & L3 N,0) L3 Core 1 Tenant NE Riser BD/TNE1L/L3,1/7/2017 00:00:00,1307
1,GMez & L1 - NBC CSG,0) L1 Core 1 Tenant SE Riser BD/TSE1P/L1,1/7/2017 00:00:00,2478
1,GMez & L1 - NBC CSG,284) L1 Core 3 Tenant SW Riser BD/TSW2L(P)/L1,1/7/2017 00:00:00,2143
1,GMez & L1 - NBC CSG,Central (Landlord's) Chillers/Pumps,1/7/2017 00:00:00,46191
1,L2 & L3 N,i) 258) L3 Core 1 Tenant NW Riser BD/TNW1L/L3,1/7/2017 00:00:00,1498
1,L2 & L3 N,261) L3 Core 2 Tenant N Riser BD/TNW2L(P)/L3,1/7/2017 00:00:00,5142
1,GMez & L1 - NBC CSG,294) GF Core 1 Tenant SE Riser BD/TSEL/__,1/7/2017 00:00:00,967
1,L2 & L3 N,0) L3 Core 2 Tenant N Riser BD/TNW2L/L1,1/7/2017 00:00:00,5362
1,L2 & L3 N,0) L3 Core 1 Tenant NW Riser BD/TNW1P/L3 new,1/7/2017 00:00:00,2888
1,L2 & L3 N,0) L3 Core 1 Tenant NW Riser DB dub new,1/7/2017 00:00:00,4014
1,GMez & L1 - NBC CSG,287) L1 Core 1 Tenant SW Riser BD/TSW1L/L1,1/7/2017 00:00:00,3603
1,GMez & L1 - NBC CSG,0) L1 Core 1 Tenant SW Riser BD/TSW1P/L1,1/7/2017 00:00:00,3285
1,GMez & L1 - NBC CSG,0) GF Core 1 Tenant NE Riser BD/TNEL/1GL,1/7/2017 00:00:00,2245
1,Level 10,0) L10 Core 2 Comms supply & New,1/8/2017 00:00:00,94
1,GMez & L1 - NBC CSG,142) A6 LV3 NBC MER I/O Panel (Spare),1/8/2017 00:00:00,85358
1,Level 10,191) L10 Core 1 Tenant NW Riser BD/TNW1L/L10,1/8/2017 00:00:00,1525
1,Level 10,199) L10 Core 1 Tenant SW Riser BD/TSW1L/L10,1/8/2017 00:00:00,1359
1,Level 10,196) L10 Core 1 Tenant SE Riser BD/TSE1L/L10,1/8/2017 00:00:00,466
1,Level 10,194) L10 Core 2 Tenant N Riser BD/TNW2L/L10,1/8/2017 00:00:00,2146
1,Level 10,0) L10 Core 2 Tenant N Riser BD/TNW2P/L10 & New,1/8/2017 00:00:00,1114
1,Level 10,Central (Landlord's) Chillers/Pumps kWh:,1/8/2017 00:00:00,3525
1,Level 10,0) L10 Core 1 Tenant SW Riser BD/TSW1P/L10 & New,1/8/2017 00:00:00,2518
1,Level 10,Common Area,1/8/2017 00:00:00,4252
1,L2 & L3 N,0) L2 Core 2 Tenant N Riser BD/TNW2L/L2,1/8/2017 00:00:00,303
1,Level 10,0) L10 Core 1 Tenant NW Riser BD/TNW1P/L10 & New,1/8/2017 00:00:00,1827
1,GMez & L1 - NBC CSG,293) GF Core 1 Tenant NE Riser BD/TNEL/1PG__,1/8/2017 00:00:00,1598
1,Level 10,Central (Landlord's) Misc Plant/Equipment kWh,1/8/2017 00:00:00,1350
1,GMez & L1 - NBC CSG,0) GF Core 1 Tenant NE Riser BD/TNEL/1GL,1/8/2017 00:00:00,2633
1,Level 10,195) L10 Core 1 Tenant NE Riser BD/TNE1L/L10,1/8/2017 00:00:00,1569
1,GMez & L1 - NBC CSG,0) L1 Core 1 Tenant SW Riser BD/TSW1P/L1,1/8/2017 00:00:00,3502
1,L2 & L3 N,0) L2 Core 1 Tenant NE Riser BD/TNE1P/L2,1/8/2017 00:00:00,2244
1,GMez & L1 - NBC CSG,0) L1 Core 1 Tenant NW Riser BD/TNW1P/L1,1/8/2017 00:00:00,5820
1,GMez & L1 - NBC CSG,281) L1 Core 2 Tenant N Riser BD/TNW2L(P)/L1,1/8/2017 00:00:00,5249
1,GMez & L1 - NBC CSG,0) L1 Core 2 Tenant N Riser BD/TNW2L/L1,1/8/2017 00:00:00,4137
1,GMez & L1 - NBC CSG,Common Area,1/8/2017 00:00:00,7728
1,GMez & L1 - NBC CSG,Central (Landlord's) Chillers/Pumps,1/8/2017 00:00:00,38249
1,GMez & L1 - NBC CSG,Central (Landlord's) Air Handling,1/8/2017 00:00:00,2358
1,GMez & L1 - NBC CSG,294) GF Core 1 Tenant SE Riser BD/TSEL/__,1/8/2017 00:00:00,802
1,GMez & L1 - NBC CSG,131) A17 LV3 Spare DB/B2/IT,1/8/2017 00:00:00,1865
1,L2 & L3 N,Common Area,1/8/2017 00:00:00,10851
1,GMez & L1 - NBC CSG,287) L1 Core 1 Tenant SW Riser BD/TSW1L/L1,1/8/2017 00:00:00,4009
1,GMez & L1 - NBC CSG,0) L1 Core 3 Tenant SW Riser BD/TSW2L/L1,1/8/2017 00:00:00,3429
1,GMez & L1 - NBC CSG,282) L1 Core 1 Tenant NE Riser BD/TNE1L/L1,1/8/2017 00:00:00,3349
1,GMez & L1 - NBC CSG,0) L1 Core 1 Tenant NE Riser BD/TNE1P/L1,1/8/2017 00:00:00,2479
1,GMez & L1 - NBC CSG,283) L1 Core 1 Tenant SE Riser BD/TSE1L/L1,1/8/2017 00:00:00,2799
1,GMez & L1 - NBC CSG,0) L1 Core 1 Tenant SE Riser BD/TSE1P/L1,1/8/2017 00:00:00,2841
1,GMez & L1 - NBC CSG,284) L1 Core 3 Tenant SW Riser BD/TSW2L(P)/L1,1/8/2017 00:00:00,2160
1,GMez & L1 - NBC CSG,Central (Landlord's) Misc Plant/Equipment,1/8/2017 00:00:00,2177
1,L2 & L3 N,0) L3 Core 2 Tenant NW2 Riser BD/P,1/8/2017 00:00:00,3955
1,L2 & L3 N,0) L2 Core 1 Tenant SE Riser BD/TSE1P/L2,1/8/2017 00:00:00,2294
1,L2 & L3 N,273) L2 Core 1 Tenant SE Riser BD/TSE1L/L2,1/8/2017 00:00:00,2698
1,L2 & L3 N,272) L2 Core 1 Tenant NE Riser BD/TNE1L/L2,1/8/2017 00:00:00,3517
1,L2 & L3 N,271) L2 Core 2 Tenant N Riser BD/TNW2L(P)/L2,1/8/2017 00:00:00,5661
1,L2 & L3 N,0) L2 Core 1 Tenant NW Riser BD/TNW1P/L2,1/8/2017 00:00:00,3865
1,L2 & L3 N,268) L2 Core 1 Tenant NW Riser BD/TNW1L/L2,1/8/2017 00:00:00,3404
1,L2 & L3 N,262) L3 Core 1 Tenant NE Riser BD/TNE1L/L3 "new",1/8/2017 00:00:00,3281
1,GMez & L1 - NBC CSG,278) L1 Core 1 Tenant NW Riser BD/TNW1L/L1,1/8/2017 00:00:00,4864
1,L2 & L3 N,261) L3 Core 2 Tenant N Riser BD/TNW2L(P)/L3,1/8/2017 00:00:00,5643
1,L2 & L3 N,274) L2 Core 3 Tenant SW Riser BD/TSW2L/L2,1/8/2017 00:00:00,2602
1,L2 & L3 N,0) L3 Core 2 Tenant N Riser BD/TNW2L/L1,1/8/2017 00:00:00,5802
1,L2 & L3 N,0) L3 Core 1 Tenant NW Riser BD/TNW1P/L3 new,1/8/2017 00:00:00,2948
1,L2 & L3 N,0) L3 Core 1 Tenant NW Riser DB dub new,1/8/2017 00:00:00,3931
1,L2 & L3 N,i) 258) L3 Core 1 Tenant NW Riser BD/TNW1L/L3,1/8/2017 00:00:00,1509
1,L2 & L3 N,Central (Landlord's) Misc Plant/Equipment kWh,1/8/2017 00:00:00,3230
1,L2 & L3 N,Central (Landlord's) Air Handling kWh,1/8/2017 00:00:00,3311
1,L2 & L3 N,Central (Landlord's) Chillers/Pumps kWh:,1/8/2017 00:00:00,18639
1,L2 & L3 N,0) L3 Core 1 Tenant NE Riser BD/TNE1L/L3,1/8/2017 00:00:00,1172
7,Building,S23553105,1/8/2017 00:00:00,7081
1,L2 & L3 N,0) L2 Core 3 Tenant SW Riser BD/TSW2P/L2,1/8/2017 00:00:00,3327
1,L2 & L3 N,77) L2 Core 1 Tenant SW Riser BD/TSW1L/L2,1/8/2017 00:00:00,4217
1,L2 & L3 N,0) L2 Core 1 Tenant SW Riser BD/TSW1P/L2,1/8/2017 00:00:00,4337
12,Studio 5.02,E14D00499,1/8/2017 00:00:00,2216
1,Level 10,Central (Landlord's) Air Handling kWh,1/8/2017 00:00:00,1297
12,Studio 5.03,E14D00493,1/8/2017 00:00:00,5100
1,GMez & L1 - NBC CSG,131) A17 LV3 Spare DB/B2/IT,1/9/2017 00:00:00,1899
1,GMez & L1 - NBC CSG,Central (Landlord's) Misc Plant/Equipment,1/9/2017 00:00:00,1872
1,GMez & L1 - NBC CSG,Central (Landlord's) Air Handling,1/9/2017 00:00:00,2288
1,GMez & L1 - NBC CSG,Central (Landlord's) Chillers/Pumps,1/9/2017 00:00:00,31209
11,2nd Floor B,Day Units,1/9/2017 00:00:00,7501
1,GMez & L1 - NBC CSG,294) GF Core 1 Tenant SE Riser BD/TSEL/__,1/9/2017 00:00:00,690
11,2nd Floor B,Night Units,1/9/2017 00:00:00,1331
1,L2 & L3 N,0) L2 Core 1 Tenant SW Riser BD/TSW1P/L2,1/9/2017 00:00:00,3610
1,L2 & L3 N,77) L2 Core 1 Tenant SW Riser BD/TSW1L/L2,1/9/2017 00:00:00,3680
1,L2 & L3 N,0) L2 Core 3 Tenant SW Riser BD/TSW2P/L2,1/9/2017 00:00:00,3064
1,GMez & L1 - NBC CSG,Common Area,1/9/2017 00:00:00,6294
1,GMez & L1 - NBC CSG,142) A6 LV3 NBC MER I/O Panel (Spare),1/9/2017 00:00:00,79291
1,L2 & L3 N,274) L2 Core 3 Tenant SW Riser BD/TSW2L/L2,1/9/2017 00:00:00,2447
1,GMez & L1 - NBC CSG,0) GF Core 1 Tenant NE Riser BD/TNEL/1GL,1/9/2017 00:00:00,2340
1,GMez & L1 - NBC CSG,278) L1 Core 1 Tenant NW Riser BD/TNW1L/L1,1/9/2017 00:00:00,2669
1,GMez & L1 - NBC CSG,0) L1 Core 1 Tenant NW Riser BD/TNW1P/L1,1/9/2017 00:00:00,5149
1,GMez & L1 - NBC CSG,0) L1 Core 2 Tenant N Riser BD/TNW2L/L1,1/9/2017 00:00:00,3592
1,GMez & L1 - NBC CSG,0) L1 Core 1 Tenant NE Riser BD/TNE1P/L1,1/9/2017 00:00:00,2659
1,GMez & L1 - NBC CSG,283) L1 Core 1 Tenant SE Riser BD/TSE1L/L1,1/9/2017 00:00:00,2410
1,GMez & L1 - NBC CSG,0) L1 Core 1 Tenant SE Riser BD/TSE1P/L1,1/9/2017 00:00:00,2447
1,GMez & L1 - NBC CSG,284) L1 Core 3 Tenant SW Riser BD/TSW2L(P)/L1,1/9/2017 00:00:00,2054
1,GMez & L1 - NBC CSG,0) L1 Core 3 Tenant SW Riser BD/TSW2L/L1,1/9/2017 00:00:00,3043
1,GMez & L1 - NBC CSG,287) L1 Core 1 Tenant SW Riser BD/TSW1L/L1,1/9/2017 00:00:00,3414
1,GMez & L1 - NBC CSG,293) GF Core 1 Tenant NE Riser BD/TNEL/1PG__,1/9/2017 00:00:00,1420
12,Studio 5.03,E14D00493,1/9/2017 00:00:00,4715
1,L2 & L3 N,Common Area,1/9/2017 00:00:00,8838
1,L2 & L3 N,Central (Landlord's) Chillers/Pumps kWh:,1/9/2017 00:00:00,15156
1,L2 & L3 N,Central (Landlord's) Air Handling kWh,1/9/2017 00:00:00,3213
1,L2 & L3 N,Central (Landlord's) Misc Plant/Equipment kWh,1/9/2017 00:00:00,2797
7,Building,S23553105,1/9/2017 00:00:00,8570
1,L2 & L3 N,i) 258) L3 Core 1 Tenant NW Riser BD/TNW1L/L3,1/9/2017 00:00:00,980
1,L2 & L3 N,0) L3 Core 1 Tenant NW Riser DB dub new,1/9/2017 00:00:00,3792
1,L2 & L3 N,0) L3 Core 1 Tenant NW Riser BD/TNW1P/L3 new,1/9/2017 00:00:00,2812
1,L2 & L3 N,0) L3 Core 2 Tenant N Riser BD/TNW2L/L1,1/9/2017 00:00:00,5404
1,L2 & L3 N,0) L3 Core 2 Tenant NW2 Riser BD/P,1/9/2017 00:00:00,4016
1,L2 & L3 N,273) L2 Core 1 Tenant SE Riser BD/TSE1L/L2,1/9/2017 00:00:00,2264
1,L2 & L3 N,0) L3 Core 1 Tenant NE Riser BD/TNE1L/L3,1/9/2017 00:00:00,1141
1,L2 & L3 N,0) L2 Core 1 Tenant SE Riser BD/TSE1P/L2,1/9/2017 00:00:00,2016
1,L2 & L3 N,262) L3 Core 1 Tenant NE Riser BD/TNE1L/L3 "new",1/9/2017 00:00:00,3094
1,L2 & L3 N,268) L2 Core 1 Tenant NW Riser BD/TNW1L/L2,1/9/2017 00:00:00,3156
1,L2 & L3 N,0) L2 Core 1 Tenant NW Riser BD/TNW1P/L2,1/9/2017 00:00:00,3584
1,L2 & L3 N,271) L2 Core 2 Tenant N Riser BD/TNW2L(P)/L2,1/9/2017 00:00:00,4534
1,L2 & L3 N,0) L2 Core 2 Tenant N Riser BD/TNW2L/L2,1/9/2017 00:00:00,252
1,L2 & L3 N,272) L2 Core 1 Tenant NE Riser BD/TNE1L/L2,1/9/2017 00:00:00,2978
1,L2 & L3 N,0) L2 Core 1 Tenant NE Riser BD/TNE1P/L2,1/9/2017 00:00:00,2057
1,GMez & L1 - NBC CSG,282) L1 Core 1 Tenant NE Riser BD/TNE1L/L1,1/9/2017 00:00:00,3320
12,Studio 5.02,E14D00499,1/9/2017 00:00:00,1774
1,GMez & L1 - NBC CSG,0) L1 Core 1 Tenant SW Riser BD/TSW1P/L1,1/9/2017 00:00:00,3029
1,L2 & L3 N,261) L3 Core 2 Tenant N Riser BD/TNW2L(P)/L3,1/9/2017 00:00:00,5245
1,Level 10,194) L10 Core 2 Tenant N Riser BD/TNW2L/L10,1/9/2017 00:00:00,1810
1,GMez & L1 - NBC CSG,281) L1 Core 2 Tenant N Riser BD/TNW2L(P)/L1,1/9/2017 00:00:00,4387
1,Level 10,0) L10 Core 1 Tenant SW Riser BD/TSW1P/L10 & New,1/9/2017 00:00:00,2362
1,Level 10,199) L10 Core 1 Tenant SW Riser BD/TSW1L/L10,1/9/2017 00:00:00,1164
1,Level 10,196) L10 Core 1 Tenant SE Riser BD/TSE1L/L10,1/9/2017 00:00:00,2272
1,Level 10,195) L10 Core 1 Tenant NE Riser BD/TNE1L/L10,1/9/2017 00:00:00,1358
1,Level 10,0) L10 Core 2 Tenant N Riser BD/TNW2P/L10 & New,1/9/2017 00:00:00,954
1,Level 10,0) L10 Core 2 Comms supply & New,1/9/2017 00:00:00,8
1,Level 10,0) L10 Core 1 Tenant NW Riser BD/TNW1P/L10 & New,1/9/2017 00:00:00,1782
1,Level 10,191) L10 Core 1 Tenant NW Riser BD/TNW1L/L10,1/9/2017 00:00:00,1380
1,Level 10,Central (Landlord's) Misc Plant/Equipment kWh,1/9/2017 00:00:00,1178
1,Level 10,Central (Landlord's) Air Handling kWh,1/9/2017 00:00:00,1259
1,Level 10,Central (Landlord's) Chillers/Pumps kWh:,1/9/2017 00:00:00,3299
1,Level 10,Common Area,1/9/2017 00:00:00,3463
1,L2 & L3 N,274) L2 Core 3 Tenant SW Riser BD/TSW2L/L2,1/10/2017 00:00:00,2582
1,Level 10,194) L10 Core 2 Tenant N Riser BD/TNW2L/L10,1/10/2017 00:00:00,1961
1,GMez & L1 - NBC CSG,0) L1 Core 2 Tenant N Riser BD/TNW2L/L1,1/10/2017 00:00:00,3803
1,L2 & L3 N,271) L2 Core 2 Tenant N Riser BD/TNW2L(P)/L2,1/10/2017 00:00:00,5049
1,L2 & L3 N,0) L2 Core 1 Tenant SE Riser BD/TSE1P/L2,1/10/2017 00:00:00,2600
1,L2 & L3 N,Central (Landlord's) Chillers/Pumps kWh:,1/10/2017 00:00:00,16955
1,L2 & L3 N,Common Area,1/10/2017 00:00:00,10648
1,Level 10,0) L10 Core 2 Comms supply & New,1/10/2017 00:00:00,1
1,Level 10,0) L10 Core 2 Tenant N Riser BD/TNW2P/L10 & New,1/10/2017 00:00:00,1051
1,Level 10,195) L10 Core 1 Tenant NE Riser BD/TNE1L/L10,1/10/2017 00:00:00,1507
1,Level 10,196) L10 Core 1 Tenant SE Riser BD/TSE1L/L10,1/10/2017 00:00:00,1348
1,Level 10,199) L10 Core 1 Tenant SW Riser BD/TSW1L/L10,1/10/2017 00:00:00,1257
1,Level 10,0) L10 Core 1 Tenant SW Riser BD/TSW1P/L10 & New,1/10/2017 00:00:00,2509
1,GMez & L1 - NBC CSG,0) L1 Core 1 Tenant NE Riser BD/TNE1P/L1,1/10/2017 00:00:00,2707
1,GMez & L1 - NBC CSG,0) L1 Core 1 Tenant SE Riser BD/TSE1P/L1,1/10/2017 00:00:00,2607
1,L2 & L3 N,272) L2 Core 1 Tenant NE Riser BD/TNE1L/L2,1/10/2017 00:00:00,3213
1,GMez & L1 - NBC CSG,287) L1 Core 1 Tenant SW Riser BD/TSW1L/L1,1/10/2017 00:00:00,3709
1,GMez & L1 - NBC CSG,0) L1 Core 1 Tenant SW Riser BD/TSW1P/L1,1/10/2017 00:00:00,3270
12,Studio 5.03,E14D00493,1/10/2017 00:00:00,4814
7,Building,S23553105,1/10/2017 00:00:00,7895
1,L2 & L3 N,0) L2 Core 2 Tenant N Riser BD/TNW2L/L2,1/10/2017 00:00:00,265
1,GMez & L1 - NBC CSG,283) L1 Core 1 Tenant SE Riser BD/TSE1L/L1,1/10/2017 00:00:00,2568
11,2nd Floor B,Night Units,1/10/2017 00:00:00,1041
12,Studio 5.02,E14D00499,1/10/2017 00:00:00,1827
1,L2 & L3 N,0) L2 Core 1 Tenant NW Riser BD/TNW1P/L2,1/10/2017 00:00:00,3909
1,L2 & L3 N,0) L2 Core 1 Tenant NE Riser BD/TNE1P/L2,1/10/2017 00:00:00,2219
1,L2 & L3 N,0) L2 Core 1 Tenant SW Riser BD/TSW1P/L2,1/10/2017 00:00:00,4098
1,L2 & L3 N,77) L2 Core 1 Tenant SW Riser BD/TSW1L/L2,1/10/2017 00:00:00,4191
1,L2 & L3 N,0) L2 Core 3 Tenant SW Riser BD/TSW2P/L2,1/10/2017 00:00:00,3571
1,GMez & L1 - NBC CSG,0) L1 Core 3 Tenant SW Riser BD/TSW2L/L1,1/10/2017 00:00:00,3269
1,GMez & L1 - NBC CSG,284) L1 Core 3 Tenant SW Riser BD/TSW2L(P)/L1,1/10/2017 00:00:00,2306
1,L2 & L3 N,268) L2 Core 1 Tenant NW Riser BD/TNW1L/L2,1/10/2017 00:00:00,3457
1,L2 & L3 N,273) L2 Core 1 Tenant SE Riser BD/TSE1L/L2,1/10/2017 00:00:00,2506
1,GMez & L1 - NBC CSG,Central (Landlord's) Air Handling,1/10/2017 00:00:00,2193
1,GMez & L1 - NBC CSG,282) L1 Core 1 Tenant NE Riser BD/TNE1L/L1,1/10/2017 00:00:00,3461
1,GMez & L1 - NBC CSG,Central (Landlord's) Chillers/Pumps,1/10/2017 00:00:00,32505
1,GMez & L1 - NBC CSG,0) L1 Core 1 Tenant NW Riser BD/TNW1P/L1,1/10/2017 00:00:00,5623
1,Level 10,Common Area,1/10/2017 00:00:00,4172
1,GMez & L1 - NBC CSG,294) GF Core 1 Tenant SE Riser BD/TSEL/__,1/10/2017 00:00:00,736
1,GMez & L1 - NBC CSG,281) L1 Core 2 Tenant N Riser BD/TNW2L(P)/L1,1/10/2017 00:00:00,4725
1,GMez & L1 - NBC CSG,0) GF Core 1 Tenant NE Riser BD/TNEL/1GL,1/10/2017 00:00:00,2524
1,L2 & L3 N,Central (Landlord's) Air Handling kWh,1/10/2017 00:00:00,3080
1,GMez & L1 - NBC CSG,293) GF Core 1 Tenant NE Riser BD/TNEL/1PG__,1/10/2017 00:00:00,1532
1,GMez & L1 - NBC CSG,142) A6 LV3 NBC MER I/O Panel (Spare),1/10/2017 00:00:00,80634
1,GMez & L1 - NBC CSG,131) A17 LV3 Spare DB/B2/IT,1/10/2017 00:00:00,1925
1,GMez & L1 - NBC CSG,Central (Landlord's) Misc Plant/Equipment,1/10/2017 00:00:00,2194
1,GMez & L1 - NBC CSG,278) L1 Core 1 Tenant NW Riser BD/TNW1L/L1,1/10/2017 00:00:00,2862
1,L2 & L3 N,0) L3 Core 1 Tenant NW Riser BD/TNW1P/L3 new,1/10/2017 00:00:00,2779
1,L2 & L3 N,262) L3 Core 1 Tenant NE Riser BD/TNE1L/L3 "new",1/10/2017 00:00:00,3496
1,L2 & L3 N,0) L3 Core 1 Tenant NE Riser BD/TNE1L/L3,1/10/2017 00:00:00,1253
1,L2 & L3 N,261) L3 Core 2 Tenant N Riser BD/TNW2L(P)/L3,1/10/2017 00:00:00,5506
1,GMez & L1 - NBC CSG,Common Area,1/10/2017 00:00:00,7583
1,L2 & L3 N,0) L3 Core 2 Tenant N Riser BD/TNW2L/L1,1/10/2017 00:00:00,5708
1,Level 10,Central (Landlord's) Chillers/Pumps kWh:,1/10/2017 00:00:00,3280
1,L2 & L3 N,0) L3 Core 1 Tenant NW Riser DB dub new,1/10/2017 00:00:00,4081
1,L2 & L3 N,i) 258) L3 Core 1 Tenant NW Riser BD/TNW1L/L3,1/10/2017 00:00:00,2047
11,2nd Floor B,Day Units,1/10/2017 00:00:00,7278
1,Level 10,0) L10 Core 1 Tenant NW Riser BD/TNW1P/L10 & New,1/10/2017 00:00:00,1827
1,L2 & L3 N,Central (Landlord's) Misc Plant/Equipment kWh,1/10/2017 00:00:00,3277
1,Level 10,191) L10 Core 1 Tenant NW Riser BD/TNW1L/L10,1/10/2017 00:00:00,1481
1,Level 10,Central (Landlord's) Misc Plant/Equipment kWh,1/10/2017 00:00:00,1368
1,Level 10,Central (Landlord's) Air Handling kWh,1/10/2017 00:00:00,1207
1,L2 & L3 N,0) L3 Core 2 Tenant NW2 Riser BD/P,1/10/2017 00:00:00,4372
1,GMez & L1 - NBC CSG,0) L1 Core 1 Tenant NE Riser BD/TNE1P/L1,1/11/2017 00:00:00,2454
1,GMez & L1 - NBC CSG,278) L1 Core 1 Tenant NW Riser BD/TNW1L/L1,1/11/2017 00:00:00,2602
1,GMez & L1 - NBC CSG,0) L1 Core 1 Tenant NW Riser BD/TNW1P/L1,1/11/2017 00:00:00,4991
1,GMez & L1 - NBC CSG,281) L1 Core 2 Tenant N Riser BD/TNW2L(P)/L1,1/11/2017 00:00:00,4582
1,GMez & L1 - NBC CSG,0) L1 Core 2 Tenant N Riser BD/TNW2L/L1,1/11/2017 00:00:00,3795
1,GMez & L1 - NBC CSG,282) L1 Core 1 Tenant NE Riser BD/TNE1L/L1,1/11/2017 00:00:00,3469
1,GMez & L1 - NBC CSG,283) L1 Core 1 Tenant SE Riser BD/TSE1L/L1,1/11/2017 00:00:00,2529
1,GMez & L1 - NBC CSG,0) L1 Core 1 Tenant SE Riser BD/TSE1P/L1,1/11/2017 00:00:00,2457
1,GMez & L1 - NBC CSG,284) L1 Core 3 Tenant SW Riser BD/TSW2L(P)/L1,1/11/2017 00:00:00,2200
1,GMez & L1 - NBC CSG,0) L1 Core 3 Tenant SW Riser BD/TSW2L/L1,1/11/2017 00:00:00,3030
1,GMez & L1 - NBC CSG,287) L1 Core 1 Tenant SW Riser BD/TSW1L/L1,1/11/2017 00:00:00,3272
1,GMez & L1 - NBC CSG,0) L1 Core 1 Tenant SW Riser BD/TSW1P/L1,1/11/2017 00:00:00,3104
1,GMez & L1 - NBC CSG,0) GF Core 1 Tenant NE Riser BD/TNEL/1GL,1/11/2017 00:00:00,4173
1,GMez & L1 - NBC CSG,293) GF Core 1 Tenant NE Riser BD/TNEL/1PG__,1/11/2017 00:00:00,1320
1,GMez & L1 - NBC CSG,142) A6 LV3 NBC MER I/O Panel (Spare),1/11/2017 00:00:00,75758
1,GMez & L1 - NBC CSG,Central (Landlord's) Misc Plant/Equipment,1/11/2017 00:00:00,2115
1,GMez & L1 - NBC CSG,Central (Landlord's) Air Handling,1/11/2017 00:00:00,2555
1,GMez & L1 - NBC CSG,Central (Landlord's) Chillers/Pumps,1/11/2017 00:00:00,33356
1,GMez & L1 - NBC CSG,Common Area,1/11/2017 00:00:00,6337
1,L2 & L3 N,0) L3 Core 1 Tenant NW Riser BD/TNW1P/L3 new,1/11/2017 00:00:00,2385
1,GMez & L1 - NBC CSG,131) A17 LV3 Spare DB/B2/IT,1/11/2017 00:00:00,1787
1,Level 10,199) L10 Core 1 Tenant SW Riser BD/TSW1L/L10,1/11/2017 00:00:00,1128
1,L2 & L3 N,273) L2 Core 1 Tenant SE Riser BD/TSE1L/L2,1/11/2017 00:00:00,2243
11,2nd Floor B,Night Units,1/11/2017 00:00:00,906
1,L2 & L3 N,274) L2 Core 3 Tenant SW Riser BD/TSW2L/L2,1/11/2017 00:00:00,2151
1,Level 10,Central (Landlord's) Misc Plant/Equipment kWh,1/11/2017 00:00:00,1308
1,L2 & L3 N,77) L2 Core 1 Tenant SW Riser BD/TSW1L/L2,1/11/2017 00:00:00,3507
1,L2 & L3 N,0) L2 Core 1 Tenant SW Riser BD/TSW1P/L2,1/11/2017 00:00:00,3359
1,Level 10,Common Area,1/11/2017 00:00:00,3486
1,Level 10,Central (Landlord's) Chillers/Pumps kWh:,1/11/2017 00:00:00,3243
12,Studio 5.02,E14D00499,1/11/2017 00:00:00,2272
1,Level 10,0) L10 Core 1 Tenant SW Riser BD/TSW1P/L10 & New,1/11/2017 00:00:00,2273
1,L2 & L3 N,0) L2 Core 1 Tenant SE Riser BD/TSE1P/L2,1/11/2017 00:00:00,1873
11,2nd Floor B,Day Units,1/11/2017 00:00:00,6503
1,Level 10,196) L10 Core 1 Tenant SE Riser BD/TSE1L/L10,1/11/2017 00:00:00,1338
1,Level 10,195) L10 Core 1 Tenant NE Riser BD/TNE1L/L10,1/11/2017 00:00:00,1358
1,Level 10,0) L10 Core 2 Tenant N Riser BD/TNW2P/L10 & New,1/11/2017 00:00:00,963
1,Level 10,0) L10 Core 2 Comms supply & New,1/11/2017 00:00:00,1
1,Level 10,194) L10 Core 2 Tenant N Riser BD/TNW2L/L10,1/11/2017 00:00:00,1836
1,Level 10,0) L10 Core 1 Tenant NW Riser BD/TNW1P/L10 & New,1/11/2017 00:00:00,1643
1,Level 10,191) L10 Core 1 Tenant NW Riser BD/TNW1L/L10,1/11/2017 00:00:00,1347
1,Level 10,Central (Landlord's) Air Handling kWh,1/11/2017 00:00:00,1406
1,L2 & L3 N,Central (Landlord's) Misc Plant/Equipment kWh,1/11/2017 00:00:00,3128
1,L2 & L3 N,0) L3 Core 2 Tenant NW2 Riser BD/P,1/11/2017 00:00:00,3921
1,L2 & L3 N,261) L3 Core 2 Tenant N Riser BD/TNW2L(P)/L3,1/11/2017 00:00:00,4622
1,L2 & L3 N,0) L3 Core 1 Tenant NE Riser BD/TNE1L/L3,1/11/2017 00:00:00,1121
1,L2 & L3 N,262) L3 Core 1 Tenant NE Riser BD/TNE1L/L3 "new",1/11/2017 00:00:00,2927
1,L2 & L3 N,0) L2 Core 3 Tenant SW Riser BD/TSW2P/L2,1/11/2017 00:00:00,2964
1,L2 & L3 N,0) L3 Core 2 Tenant N Riser BD/TNW2L/L1,1/11/2017 00:00:00,5304
1,L2 & L3 N,0) L2 Core 1 Tenant NE Riser BD/TNE1P/L2,1/11/2017 00:00:00,2359
1,L2 & L3 N,i) 258) L3 Core 1 Tenant NW Riser BD/TNW1L/L3,1/11/2017 00:00:00,1426
7,Building,S23553105,1/11/2017 00:00:00,8518
1,GMez & L1 - NBC CSG,294) GF Core 1 Tenant SE Riser BD/TSEL/__,1/11/2017 00:00:00,729
1,L2 & L3 N,Central (Landlord's) Air Handling kWh,1/11/2017 00:00:00,3588
1,L2 & L3 N,268) L2 Core 1 Tenant NW Riser BD/TNW1L/L2,1/11/2017 00:00:00,3136
1,L2 & L3 N,Common Area,1/11/2017 00:00:00,8898
12,Studio 5.03,E14D00493,1/11/2017 00:00:00,4878
1,L2 & L3 N,0) L2 Core 1 Tenant NW Riser BD/TNW1P/L2,1/11/2017 00:00:00,3467
1,L2 & L3 N,271) L2 Core 2 Tenant N Riser BD/TNW2L(P)/L2,1/11/2017 00:00:00,4333
1,L2 & L3 N,0) L2 Core 2 Tenant N Riser BD/TNW2L/L2,1/11/2017 00:00:00,295
1,L2 & L3 N,272) L2 Core 1 Tenant NE Riser BD/TNE1L/L2,1/11/2017 00:00:00,3065
1,L2 & L3 N,Central (Landlord's) Chillers/Pumps kWh:,1/11/2017 00:00:00,15773
1,L2 & L3 N,0) L3 Core 1 Tenant NW Riser DB dub new,1/11/2017 00:00:00,3354
1,GMez & L1 - NBC CSG,293) GF Core 1 Tenant NE Riser BD/TNEL/1PG__,1/12/2017 00:00:00,9883
1,Level 10,Central (Landlord's) Misc Plant/Equipment kWh,1/12/2017 00:00:00,1332
1,GMez & L1 - NBC CSG,0) GF Core 1 Tenant NE Riser BD/TNEL/1GL,1/12/2017 00:00:00,1644
1,GMez & L1 - NBC CSG,142) A6 LV3 NBC MER I/O Panel (Spare),1/12/2017 00:00:00,75597
1,GMez & L1 - NBC CSG,131) A17 LV3 Spare DB/B2/IT,1/12/2017 00:00:00,1892
1,GMez & L1 - NBC CSG,Central (Landlord's) Misc Plant/Equipment,1/12/2017 00:00:00,2159
1,GMez & L1 - NBC CSG,Central (Landlord's) Air Handling,1/12/2017 00:00:00,2098
1,GMez & L1 - NBC CSG,Central (Landlord's) Chillers/Pumps,1/12/2017 00:00:00,23514
1,GMez & L1 - NBC CSG,Common Area,1/12/2017 00:00:00,6468
1,GMez & L1 - NBC CSG,294) GF Core 1 Tenant SE Riser BD/TSEL/__,1/12/2017 00:00:00,784
1,L2 & L3 N,0) L2 Core 1 Tenant SE Riser BD/TSE1P/L2,1/12/2017 00:00:00,2149
1,GMez & L1 - NBC CSG,0) L1 Core 1 Tenant NW Riser BD/TNW1P/L1,1/12/2017 00:00:00,4771
1,GMez & L1 - NBC CSG,281) L1 Core 2 Tenant N Riser BD/TNW2L(P)/L1,1/12/2017 00:00:00,4259
1,GMez & L1 - NBC CSG,0) L1 Core 2 Tenant N Riser BD/TNW2L/L1,1/12/2017 00:00:00,3502
1,GMez & L1 - NBC CSG,282) L1 Core 1 Tenant NE Riser BD/TNE1L/L1,1/12/2017 00:00:00,2933
1,GMez & L1 - NBC CSG,0) L1 Core 1 Tenant NE Riser BD/TNE1P/L1,1/12/2017 00:00:00,1863
1,GMez & L1 - NBC CSG,0) L1 Core 3 Tenant SW Riser BD/TSW2L/L1,1/12/2017 00:00:00,2922
1,GMez & L1 - NBC CSG,0) L1 Core 1 Tenant SE Riser BD/TSE1P/L1,1/12/2017 00:00:00,2284
1,Level 10,Common Area,1/12/2017 00:00:00,3558
1,GMez & L1 - NBC CSG,284) L1 Core 3 Tenant SW Riser BD/TSW2L(P)/L1,1/12/2017 00:00:00,1951
1,Level 10,191) L10 Core 1 Tenant NW Riser BD/TNW1L/L10,1/12/2017 00:00:00,1359
1,GMez & L1 - NBC CSG,287) L1 Core 1 Tenant SW Riser BD/TSW1L/L1,1/12/2017 00:00:00,3283
1,GMez & L1 - NBC CSG,0) L1 Core 1 Tenant SW Riser BD/TSW1P/L1,1/12/2017 00:00:00,3102
1,Level 10,Central (Landlord's) Air Handling kWh,1/12/2017 00:00:00,1154
1,Level 10,Central (Landlord's) Chillers/Pumps kWh:,1/12/2017 00:00:00,1928
1,GMez & L1 - NBC CSG,283) L1 Core 1 Tenant SE Riser BD/TSE1L/L1,1/12/2017 00:00:00,2739
1,L2 & L3 N,Central (Landlord's) Misc Plant/Equipment kWh,1/12/2017 00:00:00,3185
1,L2 & L3 N,0) L2 Core 3 Tenant SW Riser BD/TSW2P/L2,1/12/2017 00:00:00,3014
1,L2 & L3 N,0) L3 Core 1 Tenant NE Riser BD/TNE1L/L3,1/12/2017 00:00:00,913
11,2nd Floor B,Day Units,1/12/2017 00:00:00,7072
1,L2 & L3 N,261) L3 Core 2 Tenant N Riser BD/TNW2L(P)/L3,1/12/2017 00:00:00,4600
1,L2 & L3 N,0) L3 Core 2 Tenant NW2 Riser BD/P,1/12/2017 00:00:00,3798
1,L2 & L3 N,0) L3 Core 2 Tenant N Riser BD/TNW2L/L1,1/12/2017 00:00:00,5320
1,L2 & L3 N,0) L3 Core 1 Tenant NW Riser BD/TNW1P/L3 new,1/12/2017 00:00:00,2508
1,L2 & L3 N,268) L2 Core 1 Tenant NW Riser BD/TNW1L/L2,1/12/2017 00:00:00,2936
1,L2 & L3 N,i) 258) L3 Core 1 Tenant NW Riser BD/TNW1L/L3,1/12/2017 00:00:00,1495
1,L2 & L3 N,0) L2 Core 1 Tenant NW Riser BD/TNW1P/L2,1/12/2017 00:00:00,3148
1,L2 & L3 N,Central (Landlord's) Air Handling kWh,1/12/2017 00:00:00,2945
11,2nd Floor B,Night Units,1/12/2017 00:00:00,1386
1,L2 & L3 N,Central (Landlord's) Chillers/Pumps kWh:,1/12/2017 00:00:00,10396
1,L2 & L3 N,Common Area,1/12/2017 00:00:00,9082
12,Studio 5.02,E14D00499,1/12/2017 00:00:00,1615
12,Studio 5.03,E14D00493,1/12/2017 00:00:00,4142
7,Building,S23553105,1/12/2017 00:00:00,11399
1,L2 & L3 N,0) L3 Core 1 Tenant NW Riser DB dub new,1/12/2017 00:00:00,3603
1,L2 & L3 N,77) L2 Core 1 Tenant SW Riser BD/TSW1L/L2,1/12/2017 00:00:00,3642
1,Level 10,194) L10 Core 2 Tenant N Riser BD/TNW2L/L10,1/12/2017 00:00:00,714
1,Level 10,0) L10 Core 2 Comms supply & New,1/12/2017 00:00:00,1
1,Level 10,0) L10 Core 2 Tenant N Riser BD/TNW2P/L10 & New,1/12/2017 00:00:00,902
1,Level 10,195) L10 Core 1 Tenant NE Riser BD/TNE1L/L10,1/12/2017 00:00:00,1084
1,Level 10,196) L10 Core 1 Tenant SE Riser BD/TSE1L/L10,1/12/2017 00:00:00,1285
1,Level 10,199) L10 Core 1 Tenant SW Riser BD/TSW1L/L10,1/12/2017 00:00:00,1177
1,Level 10,0) L10 Core 1 Tenant SW Riser BD/TSW1P/L10 & New,1/12/2017 00:00:00,2277
1,L2 & L3 N,262) L3 Core 1 Tenant NE Riser BD/TNE1L/L3 "new",1/12/2017 00:00:00,2508
1,L2 & L3 N,0) L2 Core 1 Tenant SW Riser BD/TSW1P/L2,1/12/2017 00:00:00,3402
1,Level 10,0) L10 Core 1 Tenant NW Riser BD/TNW1P/L10 & New,1/12/2017 00:00:00,1529
1,GMez & L1 - NBC CSG,278) L1 Core 1 Tenant NW Riser BD/TNW1L/L1,1/12/2017 00:00:00,2543
1,L2 & L3 N,274) L2 Core 3 Tenant SW Riser BD/TSW2L/L2,1/12/2017 00:00:00,2084
1,L2 & L3 N,273) L2 Core 1 Tenant SE Riser BD/TSE1L/L2,1/12/2017 00:00:00,2230
1,L2 & L3 N,0) L2 Core 1 Tenant NE Riser BD/TNE1P/L2,1/12/2017 00:00:00,1581
1,L2 & L3 N,272) L2 Core 1 Tenant NE Riser BD/TNE1L/L2,1/12/2017 00:00:00,2314
1,L2 & L3 N,0) L2 Core 2 Tenant N Riser BD/TNW2L/L2,1/12/2017 00:00:00,237
1,L2 & L3 N,271) L2 Core 2 Tenant N Riser BD/TNW2L(P)/L2,1/12/2017 00:00:00,4203
1,L2 & L3 N,0) L3 Core 1 Tenant NW Riser BD/TNW1P/L3 new,1/1/2018 00:00:00,2669
1,L2 & L3 N,0) L2 Core 1 Tenant SW Riser BD/TSW1P/L2,1/1/2018 00:00:00,3849
1,L2 & L3 N,77) L2 Core 1 Tenant SW Riser BD/TSW1L/L2,1/1/2018 00:00:00,4234
1,L2 & L3 N,262) L3 Core 1 Tenant NE Riser BD/TNE1L/L3 "new",1/1/2018 00:00:00,3151
1,GMez & L1 - NBC CSG,0) L1 Core 2 Tenant N Riser BD/TNW2L/L1,1/1/2018 00:00:00,4572
1,L2 & L3 N,Common Area,1/1/2018 00:00:00,9671
1,L2 & L3 N,Central (Landlord's) Chillers/Pumps kWh:,1/1/2018 00:00:00,9550
1,L2 & L3 N,Central (Landlord's) Air Handling kWh,1/1/2018 00:00:00,4332
1,L2 & L3 N,Central (Landlord's) Misc Plant/Equipment kWh,1/1/2018 00:00:00,3626
1,L2 & L3 N,i) 258) L3 Core 1 Tenant NW Riser BD/TNW1L/L3,1/1/2018 00:00:00,1493
1,L2 & L3 N,0) L3 Core 1 Tenant NW Riser DB dub new,1/1/2018 00:00:00,3643
1,L2 & L3 N,0) L3 Core 2 Tenant N Riser BD/TNW2L/L1,1/1/2018 00:00:00,5266
1,L2 & L3 N,0) L3 Core 2 Tenant NW2 Riser BD/P,1/1/2018 00:00:00,3981
1,L2 & L3 N,0) L3 Core 1 Tenant NE Riser BD/TNE1L/L3,1/1/2018 00:00:00,1097
1,L2 & L3 N,0) L2 Core 3 Tenant SW Riser BD/TSW2P/L2,1/1/2018 00:00:00,3235
1,L2 & L3 N,268) L2 Core 1 Tenant NW Riser BD/TNW1L/L2,1/1/2018 00:00:00,3234
1,L2 & L3 N,0) L2 Core 1 Tenant NW Riser BD/TNW1P/L2,1/1/2018 00:00:00,3539
1,L2 & L3 N,271) L2 Core 2 Tenant N Riser BD/TNW2L(P)/L2,1/1/2018 00:00:00,4643
1,L2 & L3 N,0) L2 Core 2 Tenant N Riser BD/TNW2L/L2,1/1/2018 00:00:00,270
1,L2 & L3 N,272) L2 Core 1 Tenant NE Riser BD/TNE1L/L2,1/1/2018 00:00:00,3093
1,L2 & L3 N,0) L2 Core 1 Tenant NE Riser BD/TNE1P/L2,1/1/2018 00:00:00,2063
1,L2 & L3 N,273) L2 Core 1 Tenant SE Riser BD/TSE1L/L2,1/1/2018 00:00:00,2426
1,L2 & L3 N,0) L2 Core 1 Tenant SE Riser BD/TSE1P/L2,1/1/2018 00:00:00,2224
1,L2 & L3 N,274) L2 Core 3 Tenant SW Riser BD/TSW2L/L2,1/1/2018 00:00:00,2437
1,L2 & L3 N,261) L3 Core 2 Tenant N Riser BD/TNW2L(P)/L3,1/1/2018 00:00:00,5168
1,Level 10,Central (Landlord's) Misc Plant/Equipment kWh,1/1/2018 00:00:00,1505
12,Studio 5.03,E14D00493,1/1/2018 00:00:00,4821
12,Studio 5.02,E14D00499,1/1/2018 00:00:00,2775
1,GMez & L1 - NBC CSG,Common Area,1/1/2018 00:00:00,6887
4,Floor 6,ALL,1/1/2018 00:00:00,175027
11,2nd Floor B,Day Units,1/1/2018 00:00:00,6799
1,Level 10,0) L10 Core 1 Tenant SW Riser BD/TSW1P/L10 & New,1/1/2018 00:00:00,2487
11,2nd Floor B,Night Units,1/1/2018 00:00:00,1111
7,Building,S23553105,1/1/2018 00:00:00,9620
1,Level 10,Common Area,1/1/2018 00:00:00,3789
1,GMez & L1 - NBC CSG,0) L1 Core 1 Tenant NW Riser BD/TNW1P/L1,1/1/2018 00:00:00,5323
1,Level 10,191) L10 Core 1 Tenant NW Riser BD/TNW1L/L10,1/1/2018 00:00:00,1435
1,Level 10,0) L10 Core 1 Tenant NW Riser BD/TNW1P/L10 & New,1/1/2018 00:00:00,1722
1,Level 10,194) L10 Core 2 Tenant N Riser BD/TNW2L/L10,1/1/2018 00:00:00,3083
1,Level 10,0) L10 Core 2 Comms supply & New,1/1/2018 00:00:00,1
1,Level 10,0) L10 Core 2 Tenant N Riser BD/TNW2P/L10 & New,1/1/2018 00:00:00,1103
1,Level 10,195) L10 Core 1 Tenant NE Riser BD/TNE1L/L10,1/1/2018 00:00:00,1436
1,Level 10,196) L10 Core 1 Tenant SE Riser BD/TSE1L/L10,1/1/2018 00:00:00,1318
1,Level 10,199) L10 Core 1 Tenant SW Riser BD/TSW1L/L10,1/1/2018 00:00:00,1205
1,Level 10,Central (Landlord's) Chillers/Pumps kWh:,1/1/2018 00:00:00,2134
1,GMez & L1 - NBC CSG,0) L1 Core 1 Tenant NE Riser BD/TNE1P/L1,1/1/2018 00:00:00,2406
1,Level 10,Central (Landlord's) Air Handling kWh,1/1/2018 00:00:00,1701
1,GMez & L1 - NBC CSG,0) L1 Core 1 Tenant SW Riser BD/TSW1P/L1,1/1/2018 00:00:00,3041
1,GMez & L1 - NBC CSG,281) L1 Core 2 Tenant N Riser BD/TNW2L(P)/L1,1/1/2018 00:00:00,4614
1,GMez & L1 - NBC CSG,278) L1 Core 1 Tenant NW Riser BD/TNW1L/L1,1/1/2018 00:00:00,2781
1,GMez & L1 - NBC CSG,294) GF Core 1 Tenant SE Riser BD/TSEL/__,1/1/2018 00:00:00,1131
1,GMez & L1 - NBC CSG,0) GF Core 1 Tenant NE Riser BD/TNEL/1GL,1/1/2018 00:00:00,2086
1,GMez & L1 - NBC CSG,293) GF Core 1 Tenant NE Riser BD/TNEL/1PG__,1/1/2018 00:00:00,2929
1,GMez & L1 - NBC CSG,131) A17 LV3 Spare DB/B2/IT,1/1/2018 00:00:00,1965
1,GMez & L1 - NBC CSG,282) L1 Core 1 Tenant NE Riser BD/TNE1L/L1,1/1/2018 00:00:00,3688
1,GMez & L1 - NBC CSG,283) L1 Core 1 Tenant SE Riser BD/TSE1L/L1,1/1/2018 00:00:00,2921
1,GMez & L1 - NBC CSG,Central (Landlord's) Misc Plant/Equipment,1/1/2018 00:00:00,2458
1,GMez & L1 - NBC CSG,Central (Landlord's) Air Handling,1/1/2018 00:00:00,3092
1,GMez & L1 - NBC CSG,0) L1 Core 1 Tenant SE Riser BD/TSE1P/L1,1/1/2018 00:00:00,2457
1,GMez & L1 - NBC CSG,284) L1 Core 3 Tenant SW Riser BD/TSW2L(P)/L1,1/1/2018 00:00:00,2073
1,GMez & L1 - NBC CSG,0) L1 Core 3 Tenant SW Riser BD/TSW2L/L1,1/1/2018 00:00:00,3218
1,GMez & L1 - NBC CSG,Central (Landlord's) Chillers/Pumps,1/1/2018 00:00:00,19896
1,GMez & L1 - NBC CSG,287) L1 Core 1 Tenant SW Riser BD/TSW1L/L1,1/1/2018 00:00:00,3670
1,GMez & L1 - NBC CSG,142) A6 LV3 NBC MER I/O Panel (Spare),1/1/2018 00:00:00,79704
1,Level 10,Central (Landlord's) Chillers/Pumps kWh:,1/2/2018 00:00:00,2113
1,Level 10,Common Area,1/2/2018 00:00:00,3745
1,Level 10,Central (Landlord's) Air Handling kWh,1/2/2018 00:00:00,2079
1,Level 10,Central (Landlord's) Misc Plant/Equipment kWh,1/2/2018 00:00:00,1326
11,2nd Floor B,Day Units,1/2/2018 00:00:00,6211
1,Level 10,0) L10 Core 1 Tenant NW Riser BD/TNW1P/L10 & New,1/2/2018 00:00:00,1875
1,Level 10,194) L10 Core 2 Tenant N Riser BD/TNW2L/L10,1/2/2018 00:00:00,1552
1,Level 10,0) L10 Core 2 Comms supply & New,1/2/2018 00:00:00,1
1,Level 10,0) L10 Core 2 Tenant N Riser BD/TNW2P/L10 & New,1/2/2018 00:00:00,880
1,Level 10,195) L10 Core 1 Tenant NE Riser BD/TNE1L/L10,1/2/2018 00:00:00,1388
1,Level 10,196) L10 Core 1 Tenant SE Riser BD/TSE1L/L10,1/2/2018 00:00:00,1316
1,Level 10,199) L10 Core 1 Tenant SW Riser BD/TSW1L/L10,1/2/2018 00:00:00,1242
1,Level 10,0) L10 Core 1 Tenant SW Riser BD/TSW1P/L10 & New,1/2/2018 00:00:00,2866
1,L2 & L3 N,i) 258) L3 Core 1 Tenant NW Riser BD/TNW1L/L3,1/2/2018 00:00:00,1493
11,2nd Floor B,Night Units,1/2/2018 00:00:00,1014
12,Studio 5.02,E14D00499,1/2/2018 00:00:00,2496
1,Level 10,191) L10 Core 1 Tenant NW Riser BD/TNW1L/L10,1/2/2018 00:00:00,1451
1,L2 & L3 N,268) L2 Core 1 Tenant NW Riser BD/TNW1L/L2,1/2/2018 00:00:00,3329
1,L2 & L3 N,0) L2 Core 1 Tenant SW Riser BD/TSW1P/L2,1/2/2018 00:00:00,3588
1,L2 & L3 N,77) L2 Core 1 Tenant SW Riser BD/TSW1L/L2,1/2/2018 00:00:00,3827
1,L2 & L3 N,0) L2 Core 3 Tenant SW Riser BD/TSW2P/L2,1/2/2018 00:00:00,3153
1,L2 & L3 N,274) L2 Core 3 Tenant SW Riser BD/TSW2L/L2,1/2/2018 00:00:00,2420
1,L2 & L3 N,0) L2 Core 1 Tenant SE Riser BD/TSE1P/L2,1/2/2018 00:00:00,2356
1,L2 & L3 N,273) L2 Core 1 Tenant SE Riser BD/TSE1L/L2,1/2/2018 00:00:00,2474
1,L2 & L3 N,0) L2 Core 1 Tenant NE Riser BD/TNE1P/L2,1/2/2018 00:00:00,2180
1,L2 & L3 N,272) L2 Core 1 Tenant NE Riser BD/TNE1L/L2,1/2/2018 00:00:00,3055
1,L2 & L3 N,0) L2 Core 2 Tenant N Riser BD/TNW2L/L2,1/2/2018 00:00:00,266
1,L2 & L3 N,Central (Landlord's) Air Handling kWh,1/2/2018 00:00:00,5306
1,L2 & L3 N,0) L2 Core 1 Tenant NW Riser BD/TNW1P/L2,1/2/2018 00:00:00,3622
1,L2 & L3 N,Common Area,1/2/2018 00:00:00,9559
1,L2 & L3 N,262) L3 Core 1 Tenant NE Riser BD/TNE1L/L3 "new",1/2/2018 00:00:00,3029
1,L2 & L3 N,0) L3 Core 1 Tenant NE Riser BD/TNE1L/L3,1/2/2018 00:00:00,1109
1,L2 & L3 N,261) L3 Core 2 Tenant N Riser BD/TNW2L(P)/L3,1/2/2018 00:00:00,4652
1,L2 & L3 N,0) L3 Core 2 Tenant NW2 Riser BD/P,1/2/2018 00:00:00,4157
1,L2 & L3 N,0) L3 Core 2 Tenant N Riser BD/TNW2L/L1,1/2/2018 00:00:00,5516
1,L2 & L3 N,0) L3 Core 1 Tenant NW Riser BD/TNW1P/L3 new,1/2/2018 00:00:00,2713
1,L2 & L3 N,0) L3 Core 1 Tenant NW Riser DB dub new,1/2/2018 00:00:00,3602
1,L2 & L3 N,Central (Landlord's) Misc Plant/Equipment kWh,1/2/2018 00:00:00,3190
12,Studio 5.03,E14D00493,1/2/2018 00:00:00,4490
1,L2 & L3 N,Central (Landlord's) Chillers/Pumps kWh:,1/2/2018 00:00:00,10263
1,L2 & L3 N,271) L2 Core 2 Tenant N Riser BD/TNW2L(P)/L2,1/2/2018 00:00:00,4525
1,GMez & L1 - NBC CSG,0) L1 Core 2 Tenant N Riser BD/TNW2L/L1,1/2/2018 00:00:00,3302
1,GMez & L1 - NBC CSG,Central (Landlord's) Misc Plant/Equipment,1/2/2018 00:00:00,2155
1,GMez & L1 - NBC CSG,131) A17 LV3 Spare DB/B2/IT,1/2/2018 00:00:00,2062
1,GMez & L1 - NBC CSG,142) A6 LV3 NBC MER I/O Panel (Spare),1/2/2018 00:00:00,72883
1,GMez & L1 - NBC CSG,293) GF Core 1 Tenant NE Riser BD/TNEL/1PG__,1/2/2018 00:00:00,3888
1,GMez & L1 - NBC CSG,0) GF Core 1 Tenant NE Riser BD/TNEL/1GL,1/2/2018 00:00:00,2478
1,GMez & L1 - NBC CSG,294) GF Core 1 Tenant SE Riser BD/TSEL/__,1/2/2018 00:00:00,1596
1,GMez & L1 - NBC CSG,278) L1 Core 1 Tenant NW Riser BD/TNW1L/L1,1/2/2018 00:00:00,2966
1,GMez & L1 - NBC CSG,Central (Landlord's) Chillers/Pumps,1/2/2018 00:00:00,20612
1,GMez & L1 - NBC CSG,281) L1 Core 2 Tenant N Riser BD/TNW2L(P)/L1,1/2/2018 00:00:00,4514
1,GMez & L1 - NBC CSG,Common Area,1/2/2018 00:00:00,6808
1,GMez & L1 - NBC CSG,282) L1 Core 1 Tenant NE Riser BD/TNE1L/L1,1/2/2018 00:00:00,3676
1,GMez & L1 - NBC CSG,0) L1 Core 1 Tenant NE Riser BD/TNE1P/L1,1/2/2018 00:00:00,2518
1,GMez & L1 - NBC CSG,283) L1 Core 1 Tenant SE Riser BD/TSE1L/L1,1/2/2018 00:00:00,3030
1,GMez & L1 - NBC CSG,0) L1 Core 1 Tenant SE Riser BD/TSE1P/L1,1/2/2018 00:00:00,2548
1,GMez & L1 - NBC CSG,284) L1 Core 3 Tenant SW Riser BD/TSW2L(P)/L1,1/2/2018 00:00:00,2075
1,GMez & L1 - NBC CSG,0) L1 Core 3 Tenant SW Riser BD/TSW2L/L1,1/2/2018 00:00:00,3191
1,GMez & L1 - NBC CSG,287) L1 Core 1 Tenant SW Riser BD/TSW1L/L1,1/2/2018 00:00:00,3718
1,GMez & L1 - NBC CSG,0) L1 Core 1 Tenant SW Riser BD/TSW1P/L1,1/2/2018 00:00:00,3116
1,GMez & L1 - NBC CSG,0) L1 Core 1 Tenant NW Riser BD/TNW1P/L1,1/2/2018 00:00:00,5081
7,Building,S23553105,1/2/2018 00:00:00,8734
4,Floor 6,ALL,1/2/2018 00:00:00,128045
1,GMez & L1 - NBC CSG,Central (Landlord's) Air Handling,1/2/2018 00:00:00,3779
1,L2 & L3 N,0) L2 Core 1 Tenant NE Riser BD/TNE1P/L2,1/3/2018 00:00:00,1531
1,L2 & L3 N,273) L2 Core 1 Tenant SE Riser BD/TSE1L/L2,1/3/2018 00:00:00,2307
1,L2 & L3 N,0) L2 Core 1 Tenant SE Riser BD/TSE1P/L2,1/3/2018 00:00:00,2277
1,L2 & L3 N,274) L2 Core 3 Tenant SW Riser BD/TSW2L/L2,1/3/2018 00:00:00,2290
1,L2 & L3 N,0) L2 Core 3 Tenant SW Riser BD/TSW2P/L2,1/3/2018 00:00:00,3068
1,L2 & L3 N,0) L2 Core 1 Tenant SW Riser BD/TSW1P/L2,1/3/2018 00:00:00,3601
1,L2 & L3 N,271) L2 Core 2 Tenant N Riser BD/TNW2L(P)/L2,1/3/2018 00:00:00,4284
1,GMez & L1 - NBC CSG,Common Area,1/3/2018 00:00:00,6816
1,GMez & L1 - NBC CSG,Central (Landlord's) Chillers/Pumps,1/3/2018 00:00:00,32338
1,GMez & L1 - NBC CSG,Central (Landlord's) Air Handling,1/3/2018 00:00:00,1733
1,GMez & L1 - NBC CSG,Central (Landlord's) Misc Plant/Equipment,1/3/2018 00:00:00,2518
1,GMez & L1 - NBC CSG,131) A17 LV3 Spare DB/B2/IT,1/3/2018 00:00:00,2303
1,GMez & L1 - NBC CSG,142) A6 LV3 NBC MER I/O Panel (Spare),1/3/2018 00:00:00,81187
1,GMez & L1 - NBC CSG,293) GF Core 1 Tenant NE Riser BD/TNEL/1PG__,1/3/2018 00:00:00,2453
1,L2 & L3 N,77) L2 Core 1 Tenant SW Riser BD/TSW1L/L2,1/3/2018 00:00:00,3873
1,GMez & L1 - NBC CSG,0) GF Core 1 Tenant NE Riser BD/TNEL/1GL,1/3/2018 00:00:00,1496
1,L2 & L3 N,0) L3 Core 1 Tenant NW Riser DB dub new,1/3/2018 00:00:00,3447
1,L2 & L3 N,i) 258) L3 Core 1 Tenant NW Riser BD/TNW1L/L3,1/3/2018 00:00:00,1423
1,L2 & L3 N,Central (Landlord's) Misc Plant/Equipment kWh,1/3/2018 00:00:00,3727
1,L2 & L3 N,Central (Landlord's) Air Handling kWh,1/3/2018 00:00:00,2434
1,L2 & L3 N,Central (Landlord's) Chillers/Pumps kWh:,1/3/2018 00:00:00,14441
1,L2 & L3 N,Common Area,1/3/2018 00:00:00,9571
1,L2 & L3 N,272) L2 Core 1 Tenant NE Riser BD/TNE1L/L2,1/3/2018 00:00:00,2043
1,L2 & L3 N,0) L3 Core 2 Tenant N Riser BD/TNW2L/L1,1/3/2018 00:00:00,5128
1,L2 & L3 N,0) L2 Core 2 Tenant N Riser BD/TNW2L/L2,1/3/2018 00:00:00,245
1,L2 & L3 N,0) L3 Core 2 Tenant NW2 Riser BD/P,1/3/2018 00:00:00,4225
1,L2 & L3 N,261) L3 Core 2 Tenant N Riser BD/TNW2L(P)/L3,1/3/2018 00:00:00,5147
1,L2 & L3 N,0) L3 Core 1 Tenant NE Riser BD/TNE1L/L3,1/3/2018 00:00:00,774
1,L2 & L3 N,262) L3 Core 1 Tenant NE Riser BD/TNE1L/L3 "new",1/3/2018 00:00:00,2249
1,L2 & L3 N,268) L2 Core 1 Tenant NW Riser BD/TNW1L/L2,1/3/2018 00:00:00,3133
1,L2 & L3 N,0) L2 Core 1 Tenant NW Riser BD/TNW1P/L2,1/3/2018 00:00:00,3323
1,L2 & L3 N,0) L3 Core 1 Tenant NW Riser BD/TNW1P/L3 new,1/3/2018 00:00:00,2513
1,GMez & L1 - NBC CSG,0) L1 Core 1 Tenant NW Riser BD/TNW1P/L1,1/3/2018 00:00:00,4400
1,Level 10,196) L10 Core 1 Tenant SE Riser BD/TSE1L/L10,1/3/2018 00:00:00,1206
1,Level 10,Central (Landlord's) Chillers/Pumps kWh:,1/3/2018 00:00:00,3137
1,Level 10,Central (Landlord's) Air Handling kWh,1/3/2018 00:00:00,954
1,Level 10,Central (Landlord's) Misc Plant/Equipment kWh,1/3/2018 00:00:00,1545
1,Level 10,191) L10 Core 1 Tenant NW Riser BD/TNW1L/L10,1/3/2018 00:00:00,1325
1,Level 10,0) L10 Core 1 Tenant NW Riser BD/TNW1P/L10 & New,1/3/2018 00:00:00,1649
1,Level 10,194) L10 Core 2 Tenant N Riser BD/TNW2L/L10,1/3/2018 00:00:00,2089
1,GMez & L1 - NBC CSG,278) L1 Core 1 Tenant NW Riser BD/TNW1L/L1,1/3/2018 00:00:00,2671
1,Level 10,Common Area,1/3/2018 00:00:00,3750
1,GMez & L1 - NBC CSG,294) GF Core 1 Tenant SE Riser BD/TSEL/__,1/3/2018 00:00:00,1147
1,Level 10,0) L10 Core 2 Comms supply & New,1/3/2018 00:00:00,1
1,Level 10,199) L10 Core 1 Tenant SW Riser BD/TSW1L/L10,1/3/2018 00:00:00,1109
1,Level 10,0) L10 Core 1 Tenant SW Riser BD/TSW1P/L10 & New,1/3/2018 00:00:00,3037
11,2nd Floor B,Day Units,1/3/2018 00:00:00,7072
4,Floor 6,ALL,1/3/2018 00:00:00,138907
11,2nd Floor B,Night Units,1/3/2018 00:00:00,1386
7,Building,S23553105,1/3/2018 00:00:00,9261
12,Studio 5.02,E14D00499,1/3/2018 00:00:00,1839
12,Studio 5.03,E14D00493,1/3/2018 00:00:00,4850
1,Level 10,0) L10 Core 2 Tenant N Riser BD/TNW2P/L10 & New,1/3/2018 00:00:00,986
1,GMez & L1 - NBC CSG,0) L1 Core 1 Tenant SE Riser BD/TSE1P/L1,1/3/2018 00:00:00,2891
1,GMez & L1 - NBC CSG,0) L1 Core 2 Tenant N Riser BD/TNW2L/L1,1/3/2018 00:00:00,3536
1,GMez & L1 - NBC CSG,282) L1 Core 1 Tenant NE Riser BD/TNE1L/L1,1/3/2018 00:00:00,2630
1,Level 10,195) L10 Core 1 Tenant NE Riser BD/TNE1L/L10,1/3/2018 00:00:00,954
1,GMez & L1 - NBC CSG,0) L1 Core 1 Tenant NE Riser BD/TNE1P/L1,1/3/2018 00:00:00,1594
1,GMez & L1 - NBC CSG,283) L1 Core 1 Tenant SE Riser BD/TSE1L/L1,1/3/2018 00:00:00,4512
1,GMez & L1 - NBC CSG,284) L1 Core 3 Tenant SW Riser BD/TSW2L(P)/L1,1/3/2018 00:00:00,1959
1,GMez & L1 - NBC CSG,0) L1 Core 3 Tenant SW Riser BD/TSW2L/L1,1/3/2018 00:00:00,3167
1,GMez & L1 - NBC CSG,0) L1 Core 1 Tenant SW Riser BD/TSW1P/L1,1/3/2018 00:00:00,3185
1,GMez & L1 - NBC CSG,281) L1 Core 2 Tenant N Riser BD/TNW2L(P)/L1,1/3/2018 00:00:00,4497
1,GMez & L1 - NBC CSG,287) L1 Core 1 Tenant SW Riser BD/TSW1L/L1,1/3/2018 00:00:00,3752
12,Studio 5.03,E14D00493,1/4/2018 00:00:00,4862
12,Studio 5.02,E14D00499,1/4/2018 00:00:00,2053
11,2nd Floor B,Day Units,1/4/2018 00:00:00,6503
4,Floor 6,ALL,1/4/2018 00:00:00,174552
11,2nd Floor B,Night Units,1/4/2018 00:00:00,906
7,Building,S23553105,1/4/2018 00:00:00,9674
11,2nd Floor B,Day Units,1/5/2018 00:00:00,7278
4,Floor 6,ALL,1/5/2018 00:00:00,145788
11,2nd Floor B,Night Units,1/5/2018 00:00:00,1041
12,Studio 5.02,E14D00499,1/5/2018 00:00:00,1368
7,Building,S23553105,1/5/2018 00:00:00,8485
12,Studio 5.03,E14D00493,1/5/2018 00:00:00,3831
11,2nd Floor B,Night Units,1/6/2018 00:00:00,996
11,2nd Floor B,Day Units,1/6/2018 00:00:00,6777
4,Floor 6,ALL,1/6/2018 00:00:00,173462
11,2nd Floor B,Night Units,1/7/2018 00:00:00,1331
4,Floor 6,ALL,1/7/2018 00:00:00,146137
11,2nd Floor B,Day Units,1/7/2018 00:00:00,7501
11,2nd Floor B,Night Units,1/8/2018 00:00:00,1331
4,Floor 6,ALL,1/8/2018 00:00:00,148308
11,2nd Floor B,Day Units,1/8/2018 00:00:00,7521
4,Floor 6,ALL,1/9/2018 00:00:00,155666
4,Floor 6,ALL,1/10/2018 00:00:00,151775
4,Floor 6,ALL,1/11/2018 00:00:00,154978
4,Floor 6,ALL,1/12/2018 00:00:00,210286
